Workbook

Sheet Forecast_Process
A1: Chemical | B1: Warehouse Stock (L) | C1: In Skids (L) | D1: Combined Stock (L) | E1: Daily Use (L/day) | F1: Days Left | G1: Stockout Date | H1: Order-By Date | I1: On Order / In Transit (L) | J1: Next ETA | K1: Status
A2: =Setup!$A$3 -> Demulsifier (89067) | B2: =SUMIFS(Warehouse_Log!$F$2:$F$4999,Warehouse_Log!$C$2:$C$4999,$A2,Warehouse_Log!$B$2:$B$4999,"IN",Warehouse_Log!$K$2:$K$4999,"<>No")-SUMIFS(Warehouse_Log!$F$2:$F$4999,Warehouse_Log!$C$2:$C$4999,$A2,Warehouse_Log!$B$2:$B$4999,"OUT") -> 9000 | C2: =SUMIF(Tank_Levels!$B$2:$B$41,$A2,Tank_Levels!$I$2:$I$41) -> 1222.8 | D2: =$B2+$C2 -> 10222.8 | E2: =SUMIF(Tank_Levels!$B$2:$B$41,$A2,Tank_Levels!$D$2:$D$41) -> 120 | F2: =IF($E2=0,"",$D2/$E2) -> 85.19 | G2: =IF($F2="","",TODAY()+$F2) -> 46364.19 | H2: =IF($G2="","",$G2-Setup!$C$3) -> 46343.19 | I2: =SUMIFS(Warehouse_Log!$F$2:$F$4999,Warehouse_Log!$C$2:$C$4999,$A2,Warehouse_Log!$B$2:$B$4999,"IN",Warehouse_Log!$K$2:$K$4999,"No") -> 0 | J2: =IF(IFERROR(_xlfn.MINIFS(Warehouse_Log!$J$2:$J$4999,Warehouse_Log!$C$2:$C$4999,$A2,Warehouse_Log!$B$2:$B$4999,"IN",Warehouse_Log!$K$2:$K$4999,"No"),0)=0,"",IFERROR(_xlfn.MINIFS(Warehouse_Log!$J$2:$J$4999,Warehouse_Log!$C$2:$C$4999,$A2,Warehouse_Log!$B$2:$B$4999,"IN",Warehouse_Log!$K$2:$K$4999,"No"),0)) | K2: =IF($E2=0,"Stock only",IF(AND($H2<>"",$H2<=TODAY()),"ORDER NOW",IF(AND($I2>0,IFERROR(_xlfn.MINIFS(Warehouse_Log!$J$2:$J$4999,Warehouse_Log!$C$2:$C$4999,$A2,Warehouse_Log!$B$2:$B$4999,"IN",Warehouse_Log!$K$2:$K$4999,"No"),0)<>0,IFERROR(_xlfn.MINIFS(Warehouse_Log!$J$2:$J$4999,Warehouse_Log!$C$2:$C$4999,$A2,Warehouse_Log!$B$2:$B$4999,"IN",Warehouse_Log!$K$2:$K$4999,"No"),0)<=$G2),"Covered - arriving "&TEXT(IFERROR(_xlfn.MINIFS(Warehouse_Log!$J$2:$J$4999,Warehouse_Log!$C$2:$C$4999,$A2,Warehouse_Log!$B$2:$B$4999,"IN",Warehouse_Log!$K$2:$K$4999,"No"),0),"mmm dd"),IF(AND($H2<>"",($H2-TODAY())<=7),"Order soon","OK")))) -> OK
A3: =Setup!$A$4 -> Anti-Foam (DF-9000) | B3: =SUMIFS(Warehouse_Log!$F$2:$F$4999,Warehouse_Log!$C$2:$C$4999,$A3,Warehouse_Log!$B$2:$B$4999,"IN",Warehouse_Log!$K$2:$K$4999,"<>No")-SUMIFS(Warehouse_Log!$F$2:$F$4999,Warehouse_Log!$C$2:$C$4999,$A3,Warehouse_Log!$B$2:$B$4999,"OUT") -> 1200 | C3: =SUMIF(Tank_Levels!$B$2:$B$41,$A3,Tank_Levels!$I$2:$I$41) -> 150 | D3: =$B3+$C3 -> 1350 | E3: =SUMIF(Tank_Levels!$B$2:$B$41,$A3,Tank_Levels!$D$2:$D$41) -> 0 | F3: =IF($E3=0,"",$D3/$E3) | G3: =IF($F3="","",TODAY()+$F3) | H3: =IF($G3="","",$G3-Setup!$C$4) | I3: =SUMIFS(Warehouse_Log!$F$2:$F$4999,Warehouse_Log!$C$2:$C$4999,$A3,Warehouse_Log!$B$2:$B$4999,"IN",Warehouse_Log!$K$2:$K$4999,"No") -> 0 | J3: =IF(IFERROR(_xlfn.MINIFS(Warehouse_Log!$J$2:$J$4999,Warehouse_Log!$C$2:$C$4999,$A3,Warehouse_Log!$B$2:$B$4999,"IN",Warehouse_Log!$K$2:$K$4999,"No"),0)=0,"",IFERROR(_xlfn.MINIFS(Warehouse_Log!$J$2:$J$4999,Warehouse_Log!$C$2:$C$4999,$A3,Warehouse_Log!$B$2:$B$4999,"IN",Warehouse_Log!$K$2:$K$4999,"No"),0)) | K3: =IF($E3=0,"Stock only",IF(AND($H3<>"",$H3<=TODAY()),"ORDER NOW",IF(AND($I3>0,IFERROR(_xlfn.MINIFS(Warehouse_Log!$J$2:$J$4999,Warehouse_Log!$C$2:$C$4999,$A3,Warehouse_Log!$B$2:$B$4999,"IN",Warehouse_Log!$K$2:$K$4999,"No"),0)<>0,IFERROR(_xlfn.MINIFS(Warehouse_Log!$J$2:$J$4999,Warehouse_Log!$C$2:$C$4999,$A3,Warehouse_Log!$B$2:$B$4999,"IN",Warehouse_Log!$K$2:$K$4999,"No"),0)<=$G3),"Covered - arriving "&TEXT(IFERROR(_xlfn.MINIFS(Warehouse_Log!$J$2:$J$4999,Warehouse_Log!$C$2:$C$4999,$A3,Warehouse_Log!$B$2:$B$4999,"IN",Warehouse_Log!$K$2:$K$4999,"No"),0),"mmm dd"),IF(AND($H3<>"",($H3-TODAY())<=7),"Order soon","OK")))) -> Stock only
A4: =Setup!$A$5 -> Scale Inhibitor (SI-44108) | B4: =SUMIFS(Warehouse_Log!$F$2:$F$4999,Warehouse_Log!$C$2:$C$4999,$A4,Warehouse_Log!$B$2:$B$4999,"IN",Warehouse_Log!$K$2:$K$4999,"<>No")-SUMIFS(Warehouse_Log!$F$2:$F$4999,Warehouse_Log!$C$2:$C$4999,$A4,Warehouse_Log!$B$2:$B$4999,"OUT") -> 800 | C4: =SUMIF(Tank_Levels!$B$2:$B$41,$A4,Tank_Levels!$I$2:$I$41) -> 955.39223 | D4: =$B4+$C4 -> 1755.3922 | E4: =SUMIF(Tank_Levels!$B$2:$B$41,$A4,Tank_Levels!$D$2:$D$41) -> 29.04 | F4: =IF($E4=0,"",$D4/$E4) -> 60.447391 | G4: =IF($F4="","",TODAY()+$F4) -> 46339.447 | H4: =IF($G4="","",$G4-Setup!$C$5) -> 46318.447 | I4: =SUMIFS(Warehouse_Log!$F$2:$F$4999,Warehouse_Log!$C$2:$C$4999,$A4,Warehouse_Log!$B$2:$B$4999,"IN",Warehouse_Log!$K$2:$K$4999,"No") -> 0 | J4: =IF(IFERROR(_xlfn.MINIFS(Warehouse_Log!$J$2:$J$4999,Warehouse_Log!$C$2:$C$4999,$A4,Warehouse_Log!$B$2:$B$4999,"IN",Warehouse_Log!$K$2:$K$4999,"No"),0)=0,"",IFERROR(_xlfn.MINIFS(Warehouse_Log!$J$2:$J$4999,Warehouse_Log!$C$2:$C$4999,$A4,Warehouse_Log!$B$2:$B$4999,"IN",Warehouse_Log!$K$2:$K$4999,"No"),0)) | K4: =IF($E4=0,"Stock only",IF(AND($H4<>"",$H4<=TODAY()),"ORDER NOW",IF(AND($I4>0,IFERROR(_xlfn.MINIFS(Warehouse_Log!$J$2:$J$4999,Warehouse_Log!$C$2:$C$4999,$A4,Warehouse_Log!$B$2:$B$4999,"IN",Warehouse_Log!$K$2:$K$4999,"No"),0)<>0,IFERROR(_xlfn.MINIFS(Warehouse_Log!$J$2:$J$4999,Warehouse_Log!$C$2:$C$4999,$A4,Warehouse_Log!$B$2:$B$4999,"IN",Warehouse_Log!$K$2:$K$4999,"No"),0)<=$G4),"Covered - arriving "&TEXT(IFERROR(_xlfn.MINIFS(Warehouse_Log!$J$2:$J$4999,Warehouse_Log!$C$2:$C$4999,$A4,Warehouse_Log!$B$2:$B$4999,"IN",Warehouse_Log!$K$2:$K$4999,"No"),0),"mmm dd"),IF(AND($H4<>"",($H4-TODAY())<=7),"Order soon","OK")))) -> OK
A5: =Setup!$A$6 -> Paraffin Inhibitor PI-75135 | B5: =SUMIFS(Warehouse_Log!$F$2:$F$4999,Warehouse_Log!$C$2:$C$4999,$A5,Warehouse_Log!$B$2:$B$4999,"IN",Warehouse_Log!$K$2:$K$4999,"<>No")-SUMIFS(Warehouse_Log!$F$2:$F$4999,Warehouse_Log!$C$2:$C$4999,$A5,Warehouse_Log!$B$2:$B$4999,"OUT") -> 8000 | C5: =SUMIF(Tank_Levels!$B$2:$B$41,$A5,Tank_Levels!$I$2:$I$41) -> 0 | D5: =$B5+$C5 -> 8000 | E5: =SUMIF(Tank_Levels!$B$2:$B$41,$A5,Tank_Levels!$D$2:$D$41) -> 0 | F5: =IF($E5=0,"",$D5/$E5) | G5: =IF($F5="","",TODAY()+$F5) | H5: =IF($G5="","",$G5-Setup!$C$6) | I5: =SUMIFS(Warehouse_Log!$F$2:$F$4999,Warehouse_Log!$C$2:$C$4999,$A5,Warehouse_Log!$B$2:$B$4999,"IN",Warehouse_Log!$K$2:$K$4999,"No") -> 0 | J5: =IF(IFERROR(_xlfn.MINIFS(Warehouse_Log!$J$2:$J$4999,Warehouse_Log!$C$2:$C$4999,$A5,Warehouse_Log!$B$2:$B$4999,"IN",Warehouse_Log!$K$2:$K$4999,"No"),0)=0,"",IFERROR(_xlfn.MINIFS(Warehouse_Log!$J$2:$J$4999,Warehouse_Log!$C$2:$C$4999,$A5,Warehouse_Log!$B$2:$B$4999,"IN",Warehouse_Log!$K$2:$K$4999,"No"),0)) | K5: =IF($E5=0,"Stock only",IF(AND($H5<>"",$H5<=TODAY()),"ORDER NOW",IF(AND($I5>0,IFERROR(_xlfn.MINIFS(Warehouse_Log!$J$2:$J$4999,Warehouse_Log!$C$2:$C$4999,$A5,Warehouse_Log!$B$2:$B$4999,"IN",Warehouse_Log!$K$2:$K$4999,"No"),0)<>0,IFERROR(_xlfn.MINIFS(Warehouse_Log!$J$2:$J$4999,Warehouse_Log!$C$2:$C$4999,$A5,Warehouse_Log!$B$2:$B$4999,"IN",Warehouse_Log!$K$2:$K$4999,"No"),0)<=$G5),"Covered - arriving "&TEXT(IFERROR(_xlfn.MINIFS(Warehouse_Log!$J$2:$J$4999,Warehouse_Log!$C$2:$C$4999,$A5,Warehouse_Log!$B$2:$B$4999,"IN",Warehouse_Log!$K$2:$K$4999,"No"),0),"mmm dd"),IF(AND($H5<>"",($H5-TODAY())<=7),"Order soon","OK")))) -> Stock only
A6: =Setup!$A$7 -> Paraffin WI-301 | B6: =SUMIFS(Warehouse_Log!$F$2:$F$4999,Warehouse_Log!$C$2:$C$4999,$A6,Warehouse_Log!$B$2:$B$4999,"IN",Warehouse_Log!$K$2:$K$4999,"<>No")-SUMIFS(Warehouse_Log!$F$2:$F$4999,Warehouse_Log!$C$2:$C$4999,$A6,Warehouse_Log!$B$2:$B$4999,"OUT") -> 800 | C6: =SUMIF(Tank_Levels!$B$2:$B$41,$A6,Tank_Levels!$I$2:$I$41) -> 0 | D6: =$B6+$C6 -> 800 | E6: =SUMIF(Tank_Levels!$B$2:$B$41,$A6,Tank_Levels!$D$2:$D$41) -> 0 | F6: =IF($E6=0,"",$D6/$E6) | G6: =IF($F6="","",TODAY()+$F6) | H6: =IF($G6="","",$G6-Setup!$C$7) | I6: =SUMIFS(Warehouse_Log!$F$2:$F$4999,Warehouse_Log!$C$2:$C$4999,$A6,Warehouse_Log!$B$2:$B$4999,"IN",Warehouse_Log!$K$2:$K$4999,"No") -> 0 | J6: =IF(IFERROR(_xlfn.MINIFS(Warehouse_Log!$J$2:$J$4999,Warehouse_Log!$C$2:$C$4999,$A6,Warehouse_Log!$B$2:$B$4999,"IN",Warehouse_Log!$K$2:$K$4999,"No"),0)=0,"",IFERROR(_xlfn.MINIFS(Warehouse_Log!$J$2:$J$4999,Warehouse_Log!$C$2:$C$4999,$A6,Warehouse_Log!$B$2:$B$4999,"IN",Warehouse_Log!$K$2:$K$4999,"No"),0)) | K6: =IF($E6=0,"Stock only",IF(AND($H6<>"",$H6<=TODAY()),"ORDER NOW",IF(AND($I6>0,IFERROR(_xlfn.MINIFS(Warehouse_Log!$J$2:$J$4999,Warehouse_Log!$C$2:$C$4999,$A6,Warehouse_Log!$B$2:$B$4999,"IN",Warehouse_Log!$K$2:$K$4999,"No"),0)<>0,IFERROR(_xlfn.MINIFS(Warehouse_Log!$J$2:$J$4999,Warehouse_Log!$C$2:$C$4999,$A6,Warehouse_Log!$B$2:$B$4999,"IN",Warehouse_Log!$K$2:$K$4999,"No"),0)<=$G6),"Covered - arriving "&TEXT(IFERROR(_xlfn.MINIFS(Warehouse_Log!$J$2:$J$4999,Warehouse_Log!$C$2:$C$4999,$A6,Warehouse_Log!$B$2:$B$4999,"IN",Warehouse_Log!$K$2:$K$4999,"No"),0),"mmm dd"),IF(AND($H6<>"",($H6-TODAY())<=7),"Order soon","OK")))) -> Stock only
A7: =Setup!$A$8 -> Biocide (MB-5207) | B7: =SUMIFS(Warehouse_Log!$F$2:$F$4999,Warehouse_Log!$C$2:$C$4999,$A7,Warehouse_Log!$B$2:$B$4999,"IN",Warehouse_Log!$K$2:$K$4999,"<>No")-SUMIFS(Warehouse_Log!$F$2:$F$4999,Warehouse_Log!$C$2:$C$4999,$A7,Warehouse_Log!$B$2:$B$4999,"OUT") -> 0 | C7: =SUMIF(Tank_Levels!$B$2:$B$41,$A7,Tank_Levels!$I$2:$I$41) -> 359.15444 | D7: =$B7+$C7 -> 359.15444 | E7: =SUMIF(Tank_Levels!$B$2:$B$41,$A7,Tank_Levels!$D$2:$D$41) -> 7.9285714 | F7: =IF($E7=0,"",$D7/$E7) -> 45.298758 | G7: =IF($F7="","",TODAY()+$F7) -> 46324.299 | H7: =IF($G7="","",$G7-Setup!$C$8) -> 46303.299 | I7: =SUMIFS(Warehouse_Log!$F$2:$F$4999,Warehouse_Log!$C$2:$C$4999,$A7,Warehouse_Log!$B$2:$B$4999,"IN",Warehouse_Log!$K$2:$K$4999,"No") -> 800 | J7: =IF(IFERROR(_xlfn.MINIFS(Warehouse_Log!$J$2:$J$4999,Warehouse_Log!$C$2:$C$4999,$A7,Warehouse_Log!$B$2:$B$4999,"IN",Warehouse_Log!$K$2:$K$4999,"No"),0)=0,"",IFERROR(_xlfn.MINIFS(Warehouse_Log!$J$2:$J$4999,Warehouse_Log!$C$2:$C$4999,$A7,Warehouse_Log!$B$2:$B$4999,"IN",Warehouse_Log!$K$2:$K$4999,"No"),0)) -> 46283 | K7: =IF($E7=0,"Stock only",IF(AND($H7<>"",$H7<=TODAY()),"ORDER NOW",IF(AND($I7>0,IFERROR(_xlfn.MINIFS(Warehouse_Log!$J$2:$J$4999,Warehouse_Log!$C$2:$C$4999,$A7,Warehouse_Log!$B$2:$B$4999,"IN",Warehouse_Log!$K$2:$K$4999,"No"),0)<>0,IFERROR(_xlfn.MINIFS(Warehouse_Log!$J$2:$J$4999,Warehouse_Log!$C$2:$C$4999,$A7,Warehouse_Log!$B$2:$B$4999,"IN",Warehouse_Log!$K$2:$K$4999,"No"),0)<=$G7),"Covered - arriving "&TEXT(IFERROR(_xlfn.MINIFS(Warehouse_Log!$J$2:$J$4999,Warehouse_Log!$C$2:$C$4999,$A7,Warehouse_Log!$B$2:$B$4999,"IN",Warehouse_Log!$K$2:$K$4999,"No"),0),"mmm dd"),IF(AND($H7<>"",($H7-TODAY())<=7),"Order soon","OK")))) -> Covered - arriving Sep 18
A8: =Setup!$A$9 -> Corrosion Inhibitor (KI-34154) | B8: =SUMIFS(Warehouse_Log!$F$2:$F$4999,Warehouse_Log!$C$2:$C$4999,$A8,Warehouse_Log!$B$2:$B$4999,"IN",Warehouse_Log!$K$2:$K$4999,"<>No")-SUMIFS(Warehouse_Log!$F$2:$F$4999,Warehouse_Log!$C$2:$C$4999,$A8,Warehouse_Log!$B$2:$B$4999,"OUT") -> 0 | C8: =SUMIF(Tank_Levels!$B$2:$B$41,$A8,Tank_Levels!$I$2:$I$41) -> 1311.9228 | D8: =$B8+$C8 -> 1311.9228 | E8: =SUMIF(Tank_Levels!$B$2:$B$41,$A8,Tank_Levels!$D$2:$D$41) -> 117.35993 | F8: =IF($E8=0,"",$D8/$E8) -> 11.178626 | G8: =IF($F8="","",TODAY()+$F8) -> 46290.179 | H8: =IF($G8="","",$G8-Setup!$C$9) -> 46269.179 | I8: =SUMIFS(Warehouse_Log!$F$2:$F$4999,Warehouse_Log!$C$2:$C$4999,$A8,Warehouse_Log!$B$2:$B$4999,"IN",Warehouse_Log!$K$2:$K$4999,"No") -> 18000 | J8: =IF(IFERROR(_xlfn.MINIFS(Warehouse_Log!$J$2:$J$4999,Warehouse_Log!$C$2:$C$4999,$A8,Warehouse_Log!$B$2:$B$4999,"IN",Warehouse_Log!$K$2:$K$4999,"No"),0)=0,"",IFERROR(_xlfn.MINIFS(Warehouse_Log!$J$2:$J$4999,Warehouse_Log!$C$2:$C$4999,$A8,Warehouse_Log!$B$2:$B$4999,"IN",Warehouse_Log!$K$2:$K$4999,"No"),0)) -> 46283 | K8: =IF($E8=0,"Stock only",IF(AND($H8<>"",$H8<=TODAY()),"ORDER NOW",IF(AND($I8>0,IFERROR(_xlfn.MINIFS(Warehouse_Log!$J$2:$J$4999,Warehouse_Log!$C$2:$C$4999,$A8,Warehouse_Log!$B$2:$B$4999,"IN",Warehouse_Log!$K$2:$K$4999,"No"),0)<>0,IFERROR(_xlfn.MINIFS(Warehouse_Log!$J$2:$J$4999,Warehouse_Log!$C$2:$C$4999,$A8,Warehouse_Log!$B$2:$B$4999,"IN",Warehouse_Log!$K$2:$K$4999,"No"),0)<=$G8),"Covered - arriving "&TEXT(IFERROR(_xlfn.MINIFS(Warehouse_Log!$J$2:$J$4999,Warehouse_Log!$C$2:$C$4999,$A8,Warehouse_Log!$B$2:$B$4999,"IN",Warehouse_Log!$K$2:$K$4999,"No"),0),"mmm dd"),IF(AND($H8<>"",($H8-TODAY())<=7),"Order soon","OK")))) -> ORDER NOW
A9: =Setup!$A$10 -> Flocculant | B9: =SUMIFS(Warehouse_Log!$F$2:$F$4999,Warehouse_Log!$C$2:$C$4999,$A9,Warehouse_Log!$B$2:$B$4999,"IN",Warehouse_Log!$K$2:$K$4999,"<>No")-SUMIFS(Warehouse_Log!$F$2:$F$4999,Warehouse_Log!$C$2:$C$4999,$A9,Warehouse_Log!$B$2:$B$4999,"OUT") -> 0 | C9: =SUMIF(Tank_Levels!$B$2:$B$41,$A9,Tank_Levels!$I$2:$I$41) -> 37.782414 | D9: =$B9+$C9 -> 37.782414 | E9: =SUMIF(Tank_Levels!$B$2:$B$41,$A9,Tank_Levels!$D$2:$D$41) -> 6 | F9: =IF($E9=0,"",$D9/$E9) -> 6.2970691 | G9: =IF($F9="","",TODAY()+$F9) -> 46285.297 | H9: =IF($G9="","",$G9-Setup!$C$10) -> 46264.297 | I9: =SUMIFS(Warehouse_Log!$F$2:$F$4999,Warehouse_Log!$C$2:$C$4999,$A9,Warehouse_Log!$B$2:$B$4999,"IN",Warehouse_Log!$K$2:$K$4999,"No") -> 0 | J9: =IF(IFERROR(_xlfn.MINIFS(Warehouse_Log!$J$2:$J$4999,Warehouse_Log!$C$2:$C$4999,$A9,Warehouse_Log!$B$2:$B$4999,"IN",Warehouse_Log!$K$2:$K$4999,"No"),0)=0,"",IFERROR(_xlfn.MINIFS(Warehouse_Log!$J$2:$J$4999,Warehouse_Log!$C$2:$C$4999,$A9,Warehouse_Log!$B$2:$B$4999,"IN",Warehouse_Log!$K$2:$K$4999,"No"),0)) | K9: =IF($E9=0,"Stock only",IF(AND($H9<>"",$H9<=TODAY()),"ORDER NOW",IF(AND($I9>0,IFERROR(_xlfn.MINIFS(Warehouse_Log!$J$2:$J$4999,Warehouse_Log!$C$2:$C$4999,$A9,Warehouse_Log!$B$2:$B$4999,"IN",Warehouse_Log!$K$2:$K$4999,"No"),0)<>0,IFERROR(_xlfn.MINIFS(Warehouse_Log!$J$2:$J$4999,Warehouse_Log!$C$2:$C$4999,$A9,Warehouse_Log!$B$2:$B$4999,"IN",Warehouse_Log!$K$2:$K$4999,"No"),0)<=$G9),"Covered - arriving "&TEXT(IFERROR(_xlfn.MINIFS(Warehouse_Log!$J$2:$J$4999,Warehouse_Log!$C$2:$C$4999,$A9,Warehouse_Log!$B$2:$B$4999,"IN",Warehouse_Log!$K$2:$K$4999,"No"),0),"mmm dd"),IF(AND($H9<>"",($H9-TODAY())<=7),"Order soon","OK")))) -> ORDER NOW

Sheet Forecast_Lab
A1: Chemical | B1: Warehouse Stock (L) | C1: In Skids (L) | D1: Combined Stock (L) | E1: Daily Use (L/day) | F1: Days Left | G1: Stockout Date | H1: Order-By Date | I1: On Order / In Transit (L) | J1: Next ETA | K1: Status
A2: =Setup!$A$11 -> HCl 33% | B2: =SUMIFS(Warehouse_Log!$F$2:$F$4999,Warehouse_Log!$C$2:$C$4999,$A2,Warehouse_Log!$B$2:$B$4999,"IN",Warehouse_Log!$K$2:$K$4999,"<>No")-SUMIFS(Warehouse_Log!$F$2:$F$4999,Warehouse_Log!$C$2:$C$4999,$A2,Warehouse_Log!$B$2:$B$4999,"OUT") -> 720 | C2: =SUMIF(Tank_Levels!$B$2:$B$41,$A2,Tank_Levels!$I$2:$I$41) -> 0 | D2: =$B2+$C2 -> 720 | E2: =SUMIF(Tank_Levels!$B$2:$B$41,$A2,Tank_Levels!$D$2:$D$41) -> 0 | F2: =IF($E2=0,"",$D2/$E2) | G2: =IF($F2="","",TODAY()+$F2) | H2: =IF($G2="","",$G2-Setup!$C$11) | I2: =SUMIFS(Warehouse_Log!$F$2:$F$4999,Warehouse_Log!$C$2:$C$4999,$A2,Warehouse_Log!$B$2:$B$4999,"IN",Warehouse_Log!$K$2:$K$4999,"No") -> 0 | J2: =IF(IFERROR(_xlfn.MINIFS(Warehouse_Log!$J$2:$J$4999,Warehouse_Log!$C$2:$C$4999,$A2,Warehouse_Log!$B$2:$B$4999,"IN",Warehouse_Log!$K$2:$K$4999,"No"),0)=0,"",IFERROR(_xlfn.MINIFS(Warehouse_Log!$J$2:$J$4999,Warehouse_Log!$C$2:$C$4999,$A2,Warehouse_Log!$B$2:$B$4999,"IN",Warehouse_Log!$K$2:$K$4999,"No"),0)) | K2: =IF($E2=0,"Stock only",IF(AND($H2<>"",$H2<=TODAY()),"ORDER NOW",IF(AND($I2>0,IFERROR(_xlfn.MINIFS(Warehouse_Log!$J$2:$J$4999,Warehouse_Log!$C$2:$C$4999,$A2,Warehouse_Log!$B$2:$B$4999,"IN",Warehouse_Log!$K$2:$K$4999,"No"),0)<>0,IFERROR(_xlfn.MINIFS(Warehouse_Log!$J$2:$J$4999,Warehouse_Log!$C$2:$C$4999,$A2,Warehouse_Log!$B$2:$B$4999,"IN",Warehouse_Log!$K$2:$K$4999,"No"),0)<=$G2),"Covered - arriving "&TEXT(IFERROR(_xlfn.MINIFS(Warehouse_Log!$J$2:$J$4999,Warehouse_Log!$C$2:$C$4999,$A2,Warehouse_Log!$B$2:$B$4999,"IN",Warehouse_Log!$K$2:$K$4999,"No"),0),"mmm dd"),IF(AND($H2<>"",($H2-TODAY())<=7),"Order soon","OK")))) -> Stock only
A3: =Setup!$A$12 -> Industrial Salt | B3: =SUMIFS(Warehouse_Log!$F$2:$F$4999,Warehouse_Log!$C$2:$C$4999,$A3,Warehouse_Log!$B$2:$B$4999,"IN",Warehouse_Log!$K$2:$K$4999,"<>No")-SUMIFS(Warehouse_Log!$F$2:$F$4999,Warehouse_Log!$C$2:$C$4999,$A3,Warehouse_Log!$B$2:$B$4999,"OUT") -> 57.5 | C3: =SUMIF(Tank_Levels!$B$2:$B$41,$A3,Tank_Levels!$I$2:$I$41) -> 0 | D3: =$B3+$C3 -> 57.5 | E3: =SUMIF(Tank_Levels!$B$2:$B$41,$A3,Tank_Levels!$D$2:$D$41) -> 0 | F3: =IF($E3=0,"",$D3/$E3) | G3: =IF($F3="","",TODAY()+$F3) | H3: =IF($G3="","",$G3-Setup!$C$12) | I3: =SUMIFS(Warehouse_Log!$F$2:$F$4999,Warehouse_Log!$C$2:$C$4999,$A3,Warehouse_Log!$B$2:$B$4999,"IN",Warehouse_Log!$K$2:$K$4999,"No") -> 0 | J3: =IF(IFERROR(_xlfn.MINIFS(Warehouse_Log!$J$2:$J$4999,Warehouse_Log!$C$2:$C$4999,$A3,Warehouse_Log!$B$2:$B$4999,"IN",Warehouse_Log!$K$2:$K$4999,"No"),0)=0,"",IFERROR(_xlfn.MINIFS(Warehouse_Log!$J$2:$J$4999,Warehouse_Log!$C$2:$C$4999,$A3,Warehouse_Log!$B$2:$B$4999,"IN",Warehouse_Log!$K$2:$K$4999,"No"),0)) | K3: =IF($E3=0,"Stock only",IF(AND($H3<>"",$H3<=TODAY()),"ORDER NOW",IF(AND($I3>0,IFERROR(_xlfn.MINIFS(Warehouse_Log!$J$2:$J$4999,Warehouse_Log!$C$2:$C$4999,$A3,Warehouse_Log!$B$2:$B$4999,"IN",Warehouse_Log!$K$2:$K$4999,"No"),0)<>0,IFERROR(_xlfn.MINIFS(Warehouse_Log!$J$2:$J$4999,Warehouse_Log!$C$2:$C$4999,$A3,Warehouse_Log!$B$2:$B$4999,"IN",Warehouse_Log!$K$2:$K$4999,"No"),0)<=$G3),"Covered - arriving "&TEXT(IFERROR(_xlfn.MINIFS(Warehouse_Log!$J$2:$J$4999,Warehouse_Log!$C$2:$C$4999,$A3,Warehouse_Log!$B$2:$B$4999,"IN",Warehouse_Log!$K$2:$K$4999,"No"),0),"mmm dd"),IF(AND($H3<>"",($H3-TODAY())<=7),"Order soon","OK")))) -> Stock only
A4: =Setup!$A$13 -> N-Hexane | B4: =SUMIFS(Warehouse_Log!$F$2:$F$4999,Warehouse_Log!$C$2:$C$4999,$A4,Warehouse_Log!$B$2:$B$4999,"IN",Warehouse_Log!$K$2:$K$4999,"<>No")-SUMIFS(Warehouse_Log!$F$2:$F$4999,Warehouse_Log!$C$2:$C$4999,$A4,Warehouse_Log!$B$2:$B$4999,"OUT") -> 10 | C4: =SUMIF(Tank_Levels!$B$2:$B$41,$A4,Tank_Levels!$I$2:$I$41) -> 0 | D4: =$B4+$C4 -> 10 | E4: =SUMIF(Tank_Levels!$B$2:$B$41,$A4,Tank_Levels!$D$2:$D$41) -> 0 | F4: =IF($E4=0,"",$D4/$E4) | G4: =IF($F4="","",TODAY()+$F4) | H4: =IF($G4="","",$G4-Setup!$C$13) | I4: =SUMIFS(Warehouse_Log!$F$2:$F$4999,Warehouse_Log!$C$2:$C$4999,$A4,Warehouse_Log!$B$2:$B$4999,"IN",Warehouse_Log!$K$2:$K$4999,"No") -> 0 | J4: =IF(IFERROR(_xlfn.MINIFS(Warehouse_Log!$J$2:$J$4999,Warehouse_Log!$C$2:$C$4999,$A4,Warehouse_Log!$B$2:$B$4999,"IN",Warehouse_Log!$K$2:$K$4999,"No"),0)=0,"",IFERROR(_xlfn.MINIFS(Warehouse_Log!$J$2:$J$4999,Warehouse_Log!$C$2:$C$4999,$A4,Warehouse_Log!$B$2:$B$4999,"IN",Warehouse_Log!$K$2:$K$4999,"No"),0)) | K4: =IF($E4=0,"Stock only",IF(AND($H4<>"",$H4<=TODAY()),"ORDER NOW",IF(AND($I4>0,IFERROR(_xlfn.MINIFS(Warehouse_Log!$J$2:$J$4999,Warehouse_Log!$C$2:$C$4999,$A4,Warehouse_Log!$B$2:$B$4999,"IN",Warehouse_Log!$K$2:$K$4999,"No"),0)<>0,IFERROR(_xlfn.MINIFS(Warehouse_Log!$J$2:$J$4999,Warehouse_Log!$C$2:$C$4999,$A4,Warehouse_Log!$B$2:$B$4999,"IN",Warehouse_Log!$K$2:$K$4999,"No"),0)<=$G4),"Covered - arriving "&TEXT(IFERROR(_xlfn.MINIFS(Warehouse_Log!$J$2:$J$4999,Warehouse_Log!$C$2:$C$4999,$A4,Warehouse_Log!$B$2:$B$4999,"IN",Warehouse_Log!$K$2:$K$4999,"No"),0),"mmm dd"),IF(AND($H4<>"",($H4-TODAY())<=7),"Order soon","OK")))) -> Stock only
A5: =Setup!$A$14 -> 1-Butanol | B5: =SUMIFS(Warehouse_Log!$F$2:$F$4999,Warehouse_Log!$C$2:$C$4999,$A5,Warehouse_Log!$B$2:$B$4999,"IN",Warehouse_Log!$K$2:$K$4999,"<>No")-SUMIFS(Warehouse_Log!$F$2:$F$4999,Warehouse_Log!$C$2:$C$4999,$A5,Warehouse_Log!$B$2:$B$4999,"OUT") -> 60 | C5: =SUMIF(Tank_Levels!$B$2:$B$41,$A5,Tank_Levels!$I$2:$I$41) -> 0 | D5: =$B5+$C5 -> 60 | E5: =SUMIF(Tank_Levels!$B$2:$B$41,$A5,Tank_Levels!$D$2:$D$41) -> 0 | F5: =IF($E5=0,"",$D5/$E5) | G5: =IF($F5="","",TODAY()+$F5) | H5: =IF($G5="","",$G5-Setup!$C$14) | I5: =SUMIFS(Warehouse_Log!$F$2:$F$4999,Warehouse_Log!$C$2:$C$4999,$A5,Warehouse_Log!$B$2:$B$4999,"IN",Warehouse_Log!$K$2:$K$4999,"No") -> 0 | J5: =IF(IFERROR(_xlfn.MINIFS(Warehouse_Log!$J$2:$J$4999,Warehouse_Log!$C$2:$C$4999,$A5,Warehouse_Log!$B$2:$B$4999,"IN",Warehouse_Log!$K$2:$K$4999,"No"),0)=0,"",IFERROR(_xlfn.MINIFS(Warehouse_Log!$J$2:$J$4999,Warehouse_Log!$C$2:$C$4999,$A5,Warehouse_Log!$B$2:$B$4999,"IN",Warehouse_Log!$K$2:$K$4999,"No"),0)) | K5: =IF($E5=0,"Stock only",IF(AND($H5<>"",$H5<=TODAY()),"ORDER NOW",IF(AND($I5>0,IFERROR(_xlfn.MINIFS(Warehouse_Log!$J$2:$J$4999,Warehouse_Log!$C$2:$C$4999,$A5,Warehouse_Log!$B$2:$B$4999,"IN",Warehouse_Log!$K$2:$K$4999,"No"),0)<>0,IFERROR(_xlfn.MINIFS(Warehouse_Log!$J$2:$J$4999,Warehouse_Log!$C$2:$C$4999,$A5,Warehouse_Log!$B$2:$B$4999,"IN",Warehouse_Log!$K$2:$K$4999,"No"),0)<=$G5),"Covered - arriving "&TEXT(IFERROR(_xlfn.MINIFS(Warehouse_Log!$J$2:$J$4999,Warehouse_Log!$C$2:$C$4999,$A5,Warehouse_Log!$B$2:$B$4999,"IN",Warehouse_Log!$K$2:$K$4999,"No"),0),"mmm dd"),IF(AND($H5<>"",($H5-TODAY())<=7),"Order soon","OK")))) -> Stock only
A6: =Setup!$A$15 -> Acetone | B6: =SUMIFS(Warehouse_Log!$F$2:$F$4999,Warehouse_Log!$C$2:$C$4999,$A6,Warehouse_Log!$B$2:$B$4999,"IN",Warehouse_Log!$K$2:$K$4999,"<>No")-SUMIFS(Warehouse_Log!$F$2:$F$4999,Warehouse_Log!$C$2:$C$4999,$A6,Warehouse_Log!$B$2:$B$4999,"OUT") -> 7.5 | C6: =SUMIF(Tank_Levels!$B$2:$B$41,$A6,Tank_Levels!$I$2:$I$41) -> 0 | D6: =$B6+$C6 -> 7.5 | E6: =SUMIF(Tank_Levels!$B$2:$B$41,$A6,Tank_Levels!$D$2:$D$41) -> 0 | F6: =IF($E6=0,"",$D6/$E6) | G6: =IF($F6="","",TODAY()+$F6) | H6: =IF($G6="","",$G6-Setup!$C$15) | I6: =SUMIFS(Warehouse_Log!$F$2:$F$4999,Warehouse_Log!$C$2:$C$4999,$A6,Warehouse_Log!$B$2:$B$4999,"IN",Warehouse_Log!$K$2:$K$4999,"No") -> 0 | J6: =IF(IFERROR(_xlfn.MINIFS(Warehouse_Log!$J$2:$J$4999,Warehouse_Log!$C$2:$C$4999,$A6,Warehouse_Log!$B$2:$B$4999,"IN",Warehouse_Log!$K$2:$K$4999,"No"),0)=0,"",IFERROR(_xlfn.MINIFS(Warehouse_Log!$J$2:$J$4999,Warehouse_Log!$C$2:$C$4999,$A6,Warehouse_Log!$B$2:$B$4999,"IN",Warehouse_Log!$K$2:$K$4999,"No"),0)) | K6: =IF($E6=0,"Stock only",IF(AND($H6<>"",$H6<=TODAY()),"ORDER NOW",IF(AND($I6>0,IFERROR(_xlfn.MINIFS(Warehouse_Log!$J$2:$J$4999,Warehouse_Log!$C$2:$C$4999,$A6,Warehouse_Log!$B$2:$B$4999,"IN",Warehouse_Log!$K$2:$K$4999,"No"),0)<>0,IFERROR(_xlfn.MINIFS(Warehouse_Log!$J$2:$J$4999,Warehouse_Log!$C$2:$C$4999,$A6,Warehouse_Log!$B$2:$B$4999,"IN",Warehouse_Log!$K$2:$K$4999,"No"),0)<=$G6),"Covered - arriving "&TEXT(IFERROR(_xlfn.MINIFS(Warehouse_Log!$J$2:$J$4999,Warehouse_Log!$C$2:$C$4999,$A6,Warehouse_Log!$B$2:$B$4999,"IN",Warehouse_Log!$K$2:$K$4999,"No"),0),"mmm dd"),IF(AND($H6<>"",($H6-TODAY())<=7),"Order soon","OK")))) -> Stock only
A7: =Setup!$A$16 -> Distilled Water | B7: =SUMIFS(Warehouse_Log!$F$2:$F$4999,Warehouse_Log!$C$2:$C$4999,$A7,Warehouse_Log!$B$2:$B$4999,"IN",Warehouse_Log!$K$2:$K$4999,"<>No")-SUMIFS(Warehouse_Log!$F$2:$F$4999,Warehouse_Log!$C$2:$C$4999,$A7,Warehouse_Log!$B$2:$B$4999,"OUT") -> 35 | C7: =SUMIF(Tank_Levels!$B$2:$B$41,$A7,Tank_Levels!$I$2:$I$41) -> 0 | D7: =$B7+$C7 -> 35 | E7: =SUMIF(Tank_Levels!$B$2:$B$41,$A7,Tank_Levels!$D$2:$D$41) -> 0 | F7: =IF($E7=0,"",$D7/$E7) | G7: =IF($F7="","",TODAY()+$F7) | H7: =IF($G7="","",$G7-Setup!$C$16) | I7: =SUMIFS(Warehouse_Log!$F$2:$F$4999,Warehouse_Log!$C$2:$C$4999,$A7,Warehouse_Log!$B$2:$B$4999,"IN",Warehouse_Log!$K$2:$K$4999,"No") -> 0 | J7: =IF(IFERROR(_xlfn.MINIFS(Warehouse_Log!$J$2:$J$4999,Warehouse_Log!$C$2:$C$4999,$A7,Warehouse_Log!$B$2:$B$4999,"IN",Warehouse_Log!$K$2:$K$4999,"No"),0)=0,"",IFERROR(_xlfn.MINIFS(Warehouse_Log!$J$2:$J$4999,Warehouse_Log!$C$2:$C$4999,$A7,Warehouse_Log!$B$2:$B$4999,"IN",Warehouse_Log!$K$2:$K$4999,"No"),0)) | K7: =IF($E7=0,"Stock only",IF(AND($H7<>"",$H7<=TODAY()),"ORDER NOW",IF(AND($I7>0,IFERROR(_xlfn.MINIFS(Warehouse_Log!$J$2:$J$4999,Warehouse_Log!$C$2:$C$4999,$A7,Warehouse_Log!$B$2:$B$4999,"IN",Warehouse_Log!$K$2:$K$4999,"No"),0)<>0,IFERROR(_xlfn.MINIFS(Warehouse_Log!$J$2:$J$4999,Warehouse_Log!$C$2:$C$4999,$A7,Warehouse_Log!$B$2:$B$4999,"IN",Warehouse_Log!$K$2:$K$4999,"No"),0)<=$G7),"Covered - arriving "&TEXT(IFERROR(_xlfn.MINIFS(Warehouse_Log!$J$2:$J$4999,Warehouse_Log!$C$2:$C$4999,$A7,Warehouse_Log!$B$2:$B$4999,"IN",Warehouse_Log!$K$2:$K$4999,"No"),0),"mmm dd"),IF(AND($H7<>"",($H7-TODAY())<=7),"Order soon","OK")))) -> Stock only
A8: =Setup!$A$17 -> Methanol | B8: =SUMIFS(Warehouse_Log!$F$2:$F$4999,Warehouse_Log!$C$2:$C$4999,$A8,Warehouse_Log!$B$2:$B$4999,"IN",Warehouse_Log!$K$2:$K$4999,"<>No")-SUMIFS(Warehouse_Log!$F$2:$F$4999,Warehouse_Log!$C$2:$C$4999,$A8,Warehouse_Log!$B$2:$B$4999,"OUT") -> 37.5 | C8: =SUMIF(Tank_Levels!$B$2:$B$41,$A8,Tank_Levels!$I$2:$I$41) -> 0 | D8: =$B8+$C8 -> 37.5 | E8: =SUMIF(Tank_Levels!$B$2:$B$41,$A8,Tank_Levels!$D$2:$D$41) -> 0 | F8: =IF($E8=0,"",$D8/$E8) | G8: =IF($F8="","",TODAY()+$F8) | H8: =IF($G8="","",$G8-Setup!$C$17) | I8: =SUMIFS(Warehouse_Log!$F$2:$F$4999,Warehouse_Log!$C$2:$C$4999,$A8,Warehouse_Log!$B$2:$B$4999,"IN",Warehouse_Log!$K$2:$K$4999,"No") -> 0 | J8: =IF(IFERROR(_xlfn.MINIFS(Warehouse_Log!$J$2:$J$4999,Warehouse_Log!$C$2:$C$4999,$A8,Warehouse_Log!$B$2:$B$4999,"IN",Warehouse_Log!$K$2:$K$4999,"No"),0)=0,"",IFERROR(_xlfn.MINIFS(Warehouse_Log!$J$2:$J$4999,Warehouse_Log!$C$2:$C$4999,$A8,Warehouse_Log!$B$2:$B$4999,"IN",Warehouse_Log!$K$2:$K$4999,"No"),0)) | K8: =IF($E8=0,"Stock only",IF(AND($H8<>"",$H8<=TODAY()),"ORDER NOW",IF(AND($I8>0,IFERROR(_xlfn.MINIFS(Warehouse_Log!$J$2:$J$4999,Warehouse_Log!$C$2:$C$4999,$A8,Warehouse_Log!$B$2:$B$4999,"IN",Warehouse_Log!$K$2:$K$4999,"No"),0)<>0,IFERROR(_xlfn.MINIFS(Warehouse_Log!$J$2:$J$4999,Warehouse_Log!$C$2:$C$4999,$A8,Warehouse_Log!$B$2:$B$4999,"IN",Warehouse_Log!$K$2:$K$4999,"No"),0)<=$G8),"Covered - arriving "&TEXT(IFERROR(_xlfn.MINIFS(Warehouse_Log!$J$2:$J$4999,Warehouse_Log!$C$2:$C$4999,$A8,Warehouse_Log!$B$2:$B$4999,"IN",Warehouse_Log!$K$2:$K$4999,"No"),0),"mmm dd"),IF(AND($H8<>"",($H8-TODAY())<=7),"Order soon","OK")))) -> Stock only
A9: =Setup!$A$18 -> Propan-2-ol | B9: =SUMIFS(Warehouse_Log!$F$2:$F$4999,Warehouse_Log!$C$2:$C$4999,$A9,Warehouse_Log!$B$2:$B$4999,"IN",Warehouse_Log!$K$2:$K$4999,"<>No")-SUMIFS(Warehouse_Log!$F$2:$F$4999,Warehouse_Log!$C$2:$C$4999,$A9,Warehouse_Log!$B$2:$B$4999,"OUT") -> 57.5 | C9: =SUMIF(Tank_Levels!$B$2:$B$41,$A9,Tank_Levels!$I$2:$I$41) -> 0 | D9: =$B9+$C9 -> 57.5 | E9: =SUMIF(Tank_Levels!$B$2:$B$41,$A9,Tank_Levels!$D$2:$D$41) -> 0 | F9: =IF($E9=0,"",$D9/$E9) | G9: =IF($F9="","",TODAY()+$F9) | H9: =IF($G9="","",$G9-Setup!$C$18) | I9: =SUMIFS(Warehouse_Log!$F$2:$F$4999,Warehouse_Log!$C$2:$C$4999,$A9,Warehouse_Log!$B$2:$B$4999,"IN",Warehouse_Log!$K$2:$K$4999,"No") -> 0 | J9: =IF(IFERROR(_xlfn.MINIFS(Warehouse_Log!$J$2:$J$4999,Warehouse_Log!$C$2:$C$4999,$A9,Warehouse_Log!$B$2:$B$4999,"IN",Warehouse_Log!$K$2:$K$4999,"No"),0)=0,"",IFERROR(_xlfn.MINIFS(Warehouse_Log!$J$2:$J$4999,Warehouse_Log!$C$2:$C$4999,$A9,Warehouse_Log!$B$2:$B$4999,"IN",Warehouse_Log!$K$2:$K$4999,"No"),0)) | K9: =IF($E9=0,"Stock only",IF(AND($H9<>"",$H9<=TODAY()),"ORDER NOW",IF(AND($I9>0,IFERROR(_xlfn.MINIFS(Warehouse_Log!$J$2:$J$4999,Warehouse_Log!$C$2:$C$4999,$A9,Warehouse_Log!$B$2:$B$4999,"IN",Warehouse_Log!$K$2:$K$4999,"No"),0)<>0,IFERROR(_xlfn.MINIFS(Warehouse_Log!$J$2:$J$4999,Warehouse_Log!$C$2:$C$4999,$A9,Warehouse_Log!$B$2:$B$4999,"IN",Warehouse_Log!$K$2:$K$4999,"No"),0)<=$G9),"Covered - arriving "&TEXT(IFERROR(_xlfn.MINIFS(Warehouse_Log!$J$2:$J$4999,Warehouse_Log!$C$2:$C$4999,$A9,Warehouse_Log!$B$2:$B$4999,"IN",Warehouse_Log!$K$2:$K$4999,"No"),0),"mmm dd"),IF(AND($H9<>"",($H9-TODAY())<=7),"Order soon","OK")))) -> Stock only
A10: =Setup!$A$19 -> Ammonia 30% | B10: =SUMIFS(Warehouse_Log!$F$2:$F$4999,Warehouse_Log!$C$2:$C$4999,$A10,Warehouse_Log!$B$2:$B$4999,"IN",Warehouse_Log!$K$2:$K$4999,"<>No")-SUMIFS(Warehouse_Log!$F$2:$F$4999,Warehouse_Log!$C$2:$C$4999,$A10,Warehouse_Log!$B$2:$B$4999,"OUT") -> 5 | C10: =SUMIF(Tank_Levels!$B$2:$B$41,$A10,Tank_Levels!$I$2:$I$41) -> 0 | D10: =$B10+$C10 -> 5 | E10: =SUMIF(Tank_Levels!$B$2:$B$41,$A10,Tank_Levels!$D$2:$D$41) -> 0 | F10: =IF($E10=0,"",$D10/$E10) | G10: =IF($F10="","",TODAY()+$F10) | H10: =IF($G10="","",$G10-Setup!$C$19) | I10: =SUMIFS(Warehouse_Log!$F$2:$F$4999,Warehouse_Log!$C$2:$C$4999,$A10,Warehouse_Log!$B$2:$B$4999,"IN",Warehouse_Log!$K$2:$K$4999,"No") -> 0 | J10: =IF(IFERROR(_xlfn.MINIFS(Warehouse_Log!$J$2:$J$4999,Warehouse_Log!$C$2:$C$4999,$A10,Warehouse_Log!$B$2:$B$4999,"IN",Warehouse_Log!$K$2:$K$4999,"No"),0)=0,"",IFERROR(_xlfn.MINIFS(Warehouse_Log!$J$2:$J$4999,Warehouse_Log!$C$2:$C$4999,$A10,Warehouse_Log!$B$2:$B$4999,"IN",Warehouse_Log!$K$2:$K$4999,"No"),0)) | K10: =IF($E10=0,"Stock only",IF(AND($H10<>"",$H10<=TODAY()),"ORDER NOW",IF(AND($I10>0,IFERROR(_xlfn.MINIFS(Warehouse_Log!$J$2:$J$4999,Warehouse_Log!$C$2:$C$4999,$A10,Warehouse_Log!$B$2:$B$4999,"IN",Warehouse_Log!$K$2:$K$4999,"No"),0)<>0,IFERROR(_xlfn.MINIFS(Warehouse_Log!$J$2:$J$4999,Warehouse_Log!$C$2:$C$4999,$A10,Warehouse_Log!$B$2:$B$4999,"IN",Warehouse_Log!$K$2:$K$4999,"No"),0)<=$G10),"Covered - arriving "&TEXT(IFERROR(_xlfn.MINIFS(Warehouse_Log!$J$2:$J$4999,Warehouse_Log!$C$2:$C$4999,$A10,Warehouse_Log!$B$2:$B$4999,"IN",Warehouse_Log!$K$2:$K$4999,"No"),0),"mmm dd"),IF(AND($H10<>"",($H10-TODAY())<=7),"Order soon","OK")))) -> Stock only

Sheet Setup
A1: Chemicals
A2: Chemical Name | B2: Category | C2: Reorder Lead Time (days) | D2: Min Stock Threshold (L) | E2: Notes | F2: Default Unit
A3: Demulsifier (89067) | B3: Process Chemicals | C3: 21 | D3: 0 | F3: Drum
A4: Anti-Foam (DF-9000) | B4: Process Chemicals | C4: 21 | D4: 0 | F4: Drum
A5: Scale Inhibitor (SI-44108) | B5: Process Chemicals | C5: 21 | D5: 0 | F5: Drum
A6: Paraffin Inhibitor PI-75135 | B6: Process Chemicals | C6: 21 | D6: 0 | F6: Drum
A7: Paraffin WI-301 | B7: Process Chemicals | C7: 21 | D7: 0 | F7: Drum
A8: Biocide (MB-5207) | B8: Process Chemicals | C8: 21 | D8: 0 | F8: Drum
A9: Corrosion Inhibitor (KI-34154) | B9: Process Chemicals | C9: 21 | D9: 0 | F9: Drum
A10: Flocculant | B10: Process Chemicals | C10: 21 | D10: 0 | F10: Drum
A11: HCl 33% | B11: Boiler Chemicals | C11: 0 | D11: 0 | F11: Liters
A12: Industrial Salt | B12: Boiler Chemicals | C12: 0 | D12: 0 | F12: Bag
A13: N-Hexane | B13: Lab Chemicals | C13: 0 | D13: 0 | F13: Bottle
A14: 1-Butanol | B14: Lab Chemicals | C14: 0 | D14: 0 | F14: Bottle
... A19: Ammonia 30% | B19: Lab Chemicals | C19: 0 | D19: 0 | F19: Bottle
A25: Units — one row per container type actually used (sizes vary by chemical)
A26: Unit Name | B26: Liters per Unit (TBD = fill in)
A27: Liters | B27: 1
A28: Drum | B28: 200
A29: Bag | B29: 2.5
A30: Bottle | B30: 2.5
A45: EPF Skids (production facility)
A46: Skid / Tank Name | B46: Current Chemical | C46: Capacity (L)
A47: Inlet Skid - DE-MULSIFIER (40-Z-01) | C47: 750
A48: Inlet Skid - POUR POINT DEPROSSOR (40-Z-05) | B48: Demulsifier (89067) | C48: 1510
A49: Inlet Skid - CORROSION INHIBITOR (40-Z-09) | B49: Corrosion Inhibitor (KI-34154) | C49: 750
A50: Inlet Skid - SCALE INHIBITOR (40-Z-03) | B50: Scale Inhibitor (SI-44108) | C50: 750
A51: Inlet Skid - ANTIFOAM (40-Z-04) | B51: Anti-Foam (DF-9000) | C51: 750
A52: Water Treatment Skid - CORROSION INHIBITOR (40-Z-08) | B52: Corrosion Inhibitor (KI-34154) | C52: 750
A53: Water Treatment Skid - FLOCCULANT (40-Z-06) | B53: Flocculant | C53: 750
A58: Well Skids
A59: Skid / Tank Name | B59: Current Chemical | C59: Capacity (L) | E59: 30
A60: A-07 Corrosion Inhibitor Skid | B60: Corrosion Inhibitor (KI-34154) | C60: 750
A61: A-07 Biocide Skid | B61: Biocide (MB-5207) | C61: 750
A62: A-131 Scale-Inhibitor Skid | B62: Scale Inhibitor (SI-44108) | C62: 750
A63: A-126 Corrosion Inhibitor Skid | B63: Corrosion Inhibitor (KI-34154) | C63: 750
A64: A-113 Corrosion Inhibitor Skid | B64: Corrosion Inhibitor (KI-34154) | C64: 750
A65: A-131 Corrosion Inhibitor Skid | B65: Corrosion Inhibitor (KI-34154) | C65: 750
A66: A-138 Corrosion Inhibitor Skid | B66: Corrosion Inhibitor (KI-34154) | C66: 750
A67: A-133 Biocide Skid | B67: Biocide (MB-5207) | C67: 750
A68: A-145 Biocide Skid | B68: Biocide (MB-5207) | C68: 750
A69: A-127 Biocide Skid | B69: Biocide (MB-5207) | C69: 750
A70: A-130 Biocide Skid | B70: Biocide (MB-5207) | C70: 750
A91: All Tanks (auto-combined — do not edit, feeds dropdowns/formulas)
A92: =IF(Setup!$A$47="","",Setup!$A$47) -> Inlet Skid - DE-MULSIFIER (40-Z-01)
A93: =IF(Setup!$A$48="","",Setup!$A$48) -> Inlet Skid - POUR POINT DEPROSSOR (40-Z-05)
A94: =IF(Setup!$A$49="","",Setup!$A$49) -> Inlet Skid - CORROSION INHIBITOR (40-Z-09)
A95: =IF(Setup!$A$50="","",Setup!$A$50) -> Inlet Skid - SCALE INHIBITOR (40-Z-03)
A96: =IF(Setup!$A$51="","",Setup!$A$51) -> Inlet Skid - ANTIFOAM (40-Z-04)
A97: =IF(Setup!$A$52="","",Setup!$A$52) -> Water Treatment Skid - CORROSION INHIBITOR (40-Z-08)
A98: =IF(Setup!$A$53="","",Setup!$A$53) -> Water Treatment Skid - FLOCCULANT (40-Z-06)
A99: =IF(Setup!$A$54="","",Setup!$A$54)
A100: =IF(Setup!$A$55="","",Setup!$A$55)
A101: =IF(Setup!$A$56="","",Setup!$A$56)
A102: =IF(Setup!$A$60="","",Setup!$A$60) -> A-07 Corrosion Inhibitor Skid
A103: =IF(Setup!$A$61="","",Setup!$A$61) -> A-07 Biocide Skid
A104: =IF(Setup!$A$62="","",Setup!$A$62) -> A-131 Scale-Inhibitor Skid
A105: =IF(Setup!$A$63="","",Setup!$A$63) -> A-126 Corrosion Inhibitor Skid
A106: =IF(Setup!$A$64="","",Setup!$A$64) -> A-113 Corrosion Inhibitor Skid
A107: =IF(Setup!$A$65="","",Setup!$A$65) -> A-131 Corrosion Inhibitor Skid
A108: =IF(Setup!$A$66="","",Setup!$A$66) -> A-138 Corrosion Inhibitor Skid
A109: =IF(Setup!$A$67="","",Setup!$A$67) -> A-133 Biocide Skid
A110: =IF(Setup!$A$68="","",Setup!$A$68) -> A-145 Biocide Skid
A111: =IF(Setup!$A$69="","",Setup!$A$69) -> A-127 Biocide Skid
A112: =IF(Setup!$A$70="","",Setup!$A$70) -> A-130 Biocide Skid
A113: =IF(Setup!$A$71="","",Setup!$A$71)
A114: =IF(Setup!$A$72="","",Setup!$A$72)
A115: =IF(Setup!$A$73="","",Setup!$A$73)
A116: =IF(Setup!$A$74="","",Setup!$A$74)
A117: =IF(Setup!$A$75="","",Setup!$A$75)
A118: =IF(Setup!$A$76="","",Setup!$A$76)
A119: =IF(Setup!$A$77="","",Setup!$A$77)
A120: =IF(Setup!$A$78="","",Setup!$A$78)
A121: =IF(Setup!$A$79="","",Setup!$A$79)
A122: =IF(Setup!$A$80="","",Setup!$A$80)
A123: =IF(Setup!$A$81="","",Setup!$A$81)
A124: =IF(Setup!$A$82="","",Setup!$A$82)
A125: =IF(Setup!$A$83="","",Setup!$A$83)
A126: =IF(Setup!$A$84="","",Setup!$A$84)
A127: =IF(Setup!$A$85="","",Setup!$A$85)
A128: =IF(Setup!$A$86="","",Setup!$A$86)
A129: =IF(Setup!$A$87="","",Setup!$A$87)
A130: =IF(Setup!$A$88="","",Setup!$A$88)
A131: =IF(Setup!$A$89="","",Setup!$A$89)

Sheet Warehouse_Log
A1: Date & Time | B1: Type | C1: Chemical | D1: Quantity | E1: Unit | F1: Qty in Liters | G1: Tank / Location (OUT only) | H1: PO Number (IN only) | I1: Supplier (IN only) | J1: Expected/ETA (IN only) | K1: Received? (IN only) | L1: Date Received (IN only) | M1: Notes
A2: 46278 | B2: IN | C2: Demulsifier (89067) | D2: 49 | E2: Drum | F2: =IF(OR($D2="",$E2=""),"",IFERROR($D2*INDEX(Setup!$B$27:$B$44,MATCH($E2,Setup!$A$27:$A$44,0)),"TBD")) -> 9800 | M2: Opening stock count
A3: 46278 | B3: IN | C3: Anti-Foam (DF-9000) | D3: 6 | E3: Drum | F3: =IF(OR($D3="",$E3=""),"",IFERROR($D3*INDEX(Setup!$B$27:$B$44,MATCH($E3,Setup!$A$27:$A$44,0)),"TBD")) -> 1200 | M3: Opening stock count
A4: 46278 | B4: IN | C4: Scale Inhibitor (SI-44108) | D4: 8 | E4: Drum | F4: =IF(OR($D4="",$E4=""),"",IFERROR($D4*INDEX(Setup!$B$27:$B$44,MATCH($E4,Setup!$A$27:$A$44,0)),"TBD")) -> 1600 | M4: Opening stock count
A5: 46278 | B5: IN | C5: Paraffin Inhibitor PI-75135 | D5: 40 | E5: Drum | F5: =IF(OR($D5="",$E5=""),"",IFERROR($D5*INDEX(Setup!$B$27:$B$44,MATCH($E5,Setup!$A$27:$A$44,0)),"TBD")) -> 8000 | M5: Opening stock count
A6: 46278 | B6: IN | C6: Paraffin WI-301 | D6: 4 | E6: Drum | F6: =IF(OR($D6="",$E6=""),"",IFERROR($D6*INDEX(Setup!$B$27:$B$44,MATCH($E6,Setup!$A$27:$A$44,0)),"TBD")) -> 800 | M6: Opening stock count
A7: 46278 | B7: IN | C7: HCl 33% | D7: 720 | E7: Liters | F7: =IF(OR($D7="",$E7=""),"",IFERROR($D7*INDEX(Setup!$B$27:$B$44,MATCH($E7,Setup!$A$27:$A$44,0)),"TBD")) -> 720 | M7: Opening stock count
A8: 46278 | B8: IN | C8: Industrial Salt | D8: 23 | E8: Bag | F8: =IF(OR($D8="",$E8=""),"",IFERROR($D8*INDEX(Setup!$B$27:$B$44,MATCH($E8,Setup!$A$27:$A$44,0)),"TBD")) -> 57.5 | M8: Opening stock count
A9: 46278 | B9: IN | C9: N-Hexane | D9: 4 | E9: Bottle | F9: =IF(OR($D9="",$E9=""),"",IFERROR($D9*INDEX(Setup!$B$27:$B$44,MATCH($E9,Setup!$A$27:$A$44,0)),"TBD")) -> 10 | M9: Opening stock count
A10: 46278 | B10: IN | C10: 1-Butanol | D10: 24 | E10: Bottle | F10: =IF(OR($D10="",$E10=""),"",IFERROR($D10*INDEX(Setup!$B$27:$B$44,MATCH($E10,Setup!$A$27:$A$44,0)),"TBD")) -> 60 | M10: Opening stock count
A11: 46278 | B11: IN | C11: Acetone | D11: 3 | E11: Bottle | F11: =IF(OR($D11="",$E11=""),"",IFERROR($D11*INDEX(Setup!$B$27:$B$44,MATCH($E11,Setup!$A$27:$A$44,0)),"TBD")) -> 7.5 | M11: Opening stock count
A12: 46278 | B12: IN | C12: Distilled Water | D12: 14 | E12: Bottle | F12: =IF(OR($D12="",$E12=""),"",IFERROR($D12*INDEX(Setup!$B$27:$B$44,MATCH($E12,Setup!$A$27:$A$44,0)),"TBD")) -> 35 | M12: Opening stock count
A13: 46278 | B13: IN | C13: Methanol | D13: 15 | E13: Bottle | F13: =IF(OR($D13="",$E13=""),"",IFERROR($D13*INDEX(Setup!$B$27:$B$44,MATCH($E13,Setup!$A$27:$A$44,0)),"TBD")) -> 37.5 | M13: Opening stock count
... A15: 46278 | B15: IN | C15: Ammonia 30% | D15: 2 | E15: Bottle | F15: =IF(OR($D15="",$E15=""),"",IFERROR($D15*INDEX(Setup!$B$27:$B$44,MATCH($E15,Setup!$A$27:$A$44,0)),"TBD")) -> 5 | M15: Opening stock count
A16: 46278 | B16: IN | C16: Biocide (MB-5207) | D16: 4 | E16: Drum | F16: =IF(OR($D16="",$E16=""),"",IFERROR($D16*INDEX(Setup!$B$27:$B$44,MATCH($E16,Setup!$A$27:$A$44,0)),"TBD")) -> 800 | H16: 4801319022 | J16: 46283 | K16: No
A17: 46278 | B17: IN | C17: Corrosion Inhibitor (KI-34154) | D17: 90 | E17: Drum | F17: =IF(OR($D17="",$E17=""),"",IFERROR($D17*INDEX(Setup!$B$27:$B$44,MATCH($E17,Setup!$A$27:$A$44,0)),"TBD")) -> 18000 | H17: 4801325097 | J17: 46283 | K17: No
A18: 46278.417 | B18: OUT | C18: Demulsifier (89067) | D18: 4 | E18: Drum | F18: =IF(OR($D18="",$E18=""),"",IFERROR($D18*INDEX(Setup!$B$27:$B$44,MATCH($E18,Setup!$A$27:$A$44,0)),"TBD")) -> 800 | G18: Inlet Skid - POUR POINT DEPROSSOR (40-Z-05)
A19: 46278.417 | B19: OUT | C19: Scale Inhibitor (SI-44108) | D19: 4 | E19: Drum | F19: =IF(OR($D19="",$E19=""),"",IFERROR($D19*INDEX(Setup!$B$27:$B$44,MATCH($E19,Setup!$A$27:$A$44,0)),"TBD")) -> 800 | G19: Inlet Skid - SCALE INHIBITOR (40-Z-03)
E20: =IF($B20="","",IF($B20="OUT","Liters",IFERROR(INDEX(Setup!$F$3:$F$24,MATCH($C20,Setup!$A$3:$A$24,0)),""))) | F20: =IF(OR($D20="",$E20=""),"",IFERROR($D20*INDEX(Setup!$B$27:$B$44,MATCH($E20,Setup!$A$27:$A$44,0)),"TBD"))
E21: =IF($B21="","",IF($B21="OUT","Liters",IFERROR(INDEX(Setup!$F$3:$F$24,MATCH($C21,Setup!$A$3:$A$24,0)),""))) | F21: =IF(OR($D21="",$E21=""),"",IFERROR($D21*INDEX(Setup!$B$27:$B$44,MATCH($E21,Setup!$A$27:$A$44,0)),"TBD"))
E22: =IF($B22="","",IF($B22="OUT","Liters",IFERROR(INDEX(Setup!$F$3:$F$24,MATCH($C22,Setup!$A$3:$A$24,0)),""))) | F22: =IF(OR($D22="",$E22=""),"",IFERROR($D22*INDEX(Setup!$B$27:$B$44,MATCH($E22,Setup!$A$27:$A$44,0)),"TBD"))
E23: =IF($B23="","",IF($B23="OUT","Liters",IFERROR(INDEX(Setup!$F$3:$F$24,MATCH($C23,Setup!$A$3:$A$24,0)),""))) | F23: =IF(OR($D23="",$E23=""),"",IFERROR($D23*INDEX(Setup!$B$27:$B$44,MATCH($E23,Setup!$A$27:$A$44,0)),"TBD"))
E24: =IF($B24="","",IF($B24="OUT","Liters",IFERROR(INDEX(Setup!$F$3:$F$24,MATCH($C24,Setup!$A$3:$A$24,0)),""))) | F24: =IF(OR($D24="",$E24=""),"",IFERROR($D24*INDEX(Setup!$B$27:$B$44,MATCH($E24,Setup!$A$27:$A$44,0)),"TBD"))
E25: =IF($B25="","",IF($B25="OUT","Liters",IFERROR(INDEX(Setup!$F$3:$F$24,MATCH($C25,Setup!$A$3:$A$24,0)),""))) | F25: =IF(OR($D25="",$E25=""),"",IFERROR($D25*INDEX(Setup!$B$27:$B$44,MATCH($E25,Setup!$A$27:$A$44,0)),"TBD"))
E26: =IF($B26="","",IF($B26="OUT","Liters",IFERROR(INDEX(Setup!$F$3:$F$24,MATCH($C26,Setup!$A$3:$A$24,0)),""))) | F26: =IF(OR($D26="",$E26=""),"",IFERROR($D26*INDEX(Setup!$B$27:$B$44,MATCH($E26,Setup!$A$27:$A$44,0)),"TBD"))
E27: =IF($B27="","",IF($B27="OUT","Liters",IFERROR(INDEX(Setup!$F$3:$F$24,MATCH($C27,Setup!$A$3:$A$24,0)),""))) | F27: =IF(OR($D27="",$E27=""),"",IFERROR($D27*INDEX(Setup!$B$27:$B$44,MATCH($E27,Setup!$A$27:$A$44,0)),"TBD"))
E28: =IF($B28="","",IF($B28="OUT","Liters",IFERROR(INDEX(Setup!$F$3:$F$24,MATCH($C28,Setup!$A$3:$A$24,0)),""))) | F28: =IF(OR($D28="",$E28=""),"",IFERROR($D28*INDEX(Setup!$B$27:$B$44,MATCH($E28,Setup!$A$27:$A$44,0)),"TBD"))
E29: =IF($B29="","",IF($B29="OUT","Liters",IFERROR(INDEX(Setup!$F$3:$F$24,MATCH($C29,Setup!$A$3:$A$24,0)),""))) | F29: =IF(OR($D29="",$E29=""),"",IFERROR($D29*INDEX(Setup!$B$27:$B$44,MATCH($E29,Setup!$A$27:$A$44,0)),"TBD"))
E30: =IF($B30="","",IF($B30="OUT","Liters",IFERROR(INDEX(Setup!$F$3:$F$24,MATCH($C30,Setup!$A$3:$A$24,0)),""))) | F30: =IF(OR($D30="",$E30=""),"",IFERROR($D30*INDEX(Setup!$B$27:$B$44,MATCH($E30,Setup!$A$27:$A$44,0)),"TBD"))
E31: =IF($B31="","",IF($B31="OUT","Liters",IFERROR(INDEX(Setup!$F$3:$F$24,MATCH($C31,Setup!$A$3:$A$24,0)),""))) | F31: =IF(OR($D31="",$E31=""),"",IFERROR($D31*INDEX(Setup!$B$27:$B$44,MATCH($E31,Setup!$A$27:$A$44,0)),"TBD"))
... E4999: =IF($B4999="","",IF($B4999="OUT","Liters",IFERROR(INDEX(Setup!$F$3:$F$24,MATCH($C4999,Setup!$A$3:$A$24,0)),""))) | F4999: =IF(OR($D4999="",$E4999=""),"",IFERROR($D4999*INDEX(Setup!$B$27:$B$44,MATCH($E4999,Setup!$A$27:$A$44,0)),"TBD"))

Sheet Tank_Adjustments
A1: Date & Time | B1: Tank / Skid | C1: Level (%) | D1: Level (Liters) calculated | E1: Reason | F1: Notes
A2: 46278.389 | B2: Inlet Skid - POUR POINT DEPROSSOR (40-Z-05) | C2: 0.28 | D2: =IF(OR($B2="",$C2=""),"",$C2*IFERROR(INDEX(Setup!$C$47:$C$56,MATCH($B2,Setup!$A$47:$A$56,0)),IFERROR(INDEX(Setup!$C$60:$C$89,MATCH($B2,Setup!$A$60:$A$89,0)),""))) -> 422.8 | E2: Manual fill / top-up | F2: Initial Level
A3: 46278.389 | B3: Inlet Skid - CORROSION INHIBITOR (40-Z-09) | C3: 0 | D3: =IF(OR($B3="",$C3=""),"",$C3*IFERROR(INDEX(Setup!$C$47:$C$56,MATCH($B3,Setup!$A$47:$A$56,0)),IFERROR(INDEX(Setup!$C$60:$C$89,MATCH($B3,Setup!$A$60:$A$89,0)),""))) -> 0 | E3: Manual fill / top-up | F3: Initial Level
A4: 46278.389 | B4: Inlet Skid - SCALE INHIBITOR (40-Z-03) | C4: 0 | D4: =IF(OR($B4="",$C4=""),"",$C4*IFERROR(INDEX(Setup!$C$47:$C$56,MATCH($B4,Setup!$A$47:$A$56,0)),IFERROR(INDEX(Setup!$C$60:$C$89,MATCH($B4,Setup!$A$60:$A$89,0)),""))) -> 0 | E4: Manual fill / top-up | F4: Initial Level
A5: 46278.389 | B5: Inlet Skid - ANTIFOAM (40-Z-04) | C5: 0.2 | D5: =IF(OR($B5="",$C5=""),"",$C5*IFERROR(INDEX(Setup!$C$47:$C$56,MATCH($B5,Setup!$A$47:$A$56,0)),IFERROR(INDEX(Setup!$C$60:$C$89,MATCH($B5,Setup!$A$60:$A$89,0)),""))) -> 150 | E5: Manual fill / top-up | F5: Initial Level
A6: 46278.389 | B6: Water Treatment Skid - CORROSION INHIBITOR (40-Z-08) | C6: 0.42 | D6: =IF(OR($B6="",$C6=""),"",$C6*IFERROR(INDEX(Setup!$C$47:$C$56,MATCH($B6,Setup!$A$47:$A$56,0)),IFERROR(INDEX(Setup!$C$60:$C$89,MATCH($B6,Setup!$A$60:$A$89,0)),""))) -> 315 | E6: Manual fill / top-up | F6: Initial Level
A7: 46278.389 | B7: Water Treatment Skid - FLOCCULANT (40-Z-06) | C7: 0.06 | D7: =IF(OR($B7="",$C7=""),"",$C7*IFERROR(INDEX(Setup!$C$47:$C$56,MATCH($B7,Setup!$A$47:$A$56,0)),IFERROR(INDEX(Setup!$C$60:$C$89,MATCH($B7,Setup!$A$60:$A$89,0)),""))) -> 45 | E7: Manual fill / top-up | F7: Initial Level
A8: 46275.688 | B8: A-07 Corrosion Inhibitor Skid | C8: 0.63 | D8: =IF(OR($B8="",$C8=""),"",$C8*IFERROR(INDEX(Setup!$C$47:$C$56,MATCH($B8,Setup!$A$47:$A$56,0)),IFERROR(INDEX(Setup!$C$60:$C$89,MATCH($B8,Setup!$A$60:$A$89,0)),""))) -> 472.5 | E8: Manual fill / top-up | F8: Initial Level
A9: 46275.688 | B9: A-07 Biocide Skid | C9: 0.2 | D9: =IF(OR($B9="",$C9=""),"",$C9*IFERROR(INDEX(Setup!$C$47:$C$56,MATCH($B9,Setup!$A$47:$A$56,0)),IFERROR(INDEX(Setup!$C$60:$C$89,MATCH($B9,Setup!$A$60:$A$89,0)),""))) -> 150 | E9: Manual fill / top-up | F9: Initial Level
A10: 46275.688 | B10: A-131 Scale-Inhibitor Skid | C10: 0.3 | D10: =IF(OR($B10="",$C10=""),"",$C10*IFERROR(INDEX(Setup!$C$47:$C$56,MATCH($B10,Setup!$A$47:$A$56,0)),IFERROR(INDEX(Setup!$C$60:$C$89,MATCH($B10,Setup!$A$60:$A$89,0)),""))) -> 225 | E10: Manual fill / top-up | F10: Initial Level
A11: 46275.688 | B11: A-126 Corrosion Inhibitor Skid | C11: 0.12 | D11: =IF(OR($B11="",$C11=""),"",$C11*IFERROR(INDEX(Setup!$C$47:$C$56,MATCH($B11,Setup!$A$47:$A$56,0)),IFERROR(INDEX(Setup!$C$60:$C$89,MATCH($B11,Setup!$A$60:$A$89,0)),""))) -> 90 | E11: Manual fill / top-up | F11: Initial Level
A12: 46275.688 | B12: A-113 Corrosion Inhibitor Skid | C12: 0.22 | D12: =IF(OR($B12="",$C12=""),"",$C12*IFERROR(INDEX(Setup!$C$47:$C$56,MATCH($B12,Setup!$A$47:$A$56,0)),IFERROR(INDEX(Setup!$C$60:$C$89,MATCH($B12,Setup!$A$60:$A$89,0)),""))) -> 165 | E12: Manual fill / top-up | F12: Initial Level
A13: 46275.688 | B13: A-131 Corrosion Inhibitor Skid | C13: 0.45 | D13: =IF(OR($B13="",$C13=""),"",$C13*IFERROR(INDEX(Setup!$C$47:$C$56,MATCH($B13,Setup!$A$47:$A$56,0)),IFERROR(INDEX(Setup!$C$60:$C$89,MATCH($B13,Setup!$A$60:$A$89,0)),""))) -> 337.5 | E13: Manual fill / top-up | F13: Initial Level
... A18: 46275.688 | B18: A-130 Biocide Skid | C18: 0.06 | D18: =IF(OR($B18="",$C18=""),"",$C18*IFERROR(INDEX(Setup!$C$47:$C$56,MATCH($B18,Setup!$A$47:$A$56,0)),IFERROR(INDEX(Setup!$C$60:$C$89,MATCH($B18,Setup!$A$60:$A$89,0)),""))) -> 45 | E18: Manual fill / top-up | F18: Initial Level
D19: =IF(OR($B19="",$C19=""),"",$C19*IFERROR(INDEX(Setup!$C$47:$C$56,MATCH($B19,Setup!$A$47:$A$56,0)),IFERROR(INDEX(Setup!$C$60:$C$89,MATCH($B19,Setup!$A$60:$A$89,0)),"")))
D20: =IF(OR($B20="",$C20=""),"",$C20*IFERROR(INDEX(Setup!$C$47:$C$56,MATCH($B20,Setup!$A$47:$A$56,0)),IFERROR(INDEX(Setup!$C$60:$C$89,MATCH($B20,Setup!$A$60:$A$89,0)),"")))
D21: =IF(OR($B21="",$C21=""),"",$C21*IFERROR(INDEX(Setup!$C$47:$C$56,MATCH($B21,Setup!$A$47:$A$56,0)),IFERROR(INDEX(Setup!$C$60:$C$89,MATCH($B21,Setup!$A$60:$A$89,0)),"")))
D22: =IF(OR($B22="",$C22=""),"",$C22*IFERROR(INDEX(Setup!$C$47:$C$56,MATCH($B22,Setup!$A$47:$A$56,0)),IFERROR(INDEX(Setup!$C$60:$C$89,MATCH($B22,Setup!$A$60:$A$89,0)),"")))
D23: =IF(OR($B23="",$C23=""),"",$C23*IFERROR(INDEX(Setup!$C$47:$C$56,MATCH($B23,Setup!$A$47:$A$56,0)),IFERROR(INDEX(Setup!$C$60:$C$89,MATCH($B23,Setup!$A$60:$A$89,0)),"")))
D24: =IF(OR($B24="",$C24=""),"",$C24*IFERROR(INDEX(Setup!$C$47:$C$56,MATCH($B24,Setup!$A$47:$A$56,0)),IFERROR(INDEX(Setup!$C$60:$C$89,MATCH($B24,Setup!$A$60:$A$89,0)),"")))
D25: =IF(OR($B25="",$C25=""),"",$C25*IFERROR(INDEX(Setup!$C$47:$C$56,MATCH($B25,Setup!$A$47:$A$56,0)),IFERROR(INDEX(Setup!$C$60:$C$89,MATCH($B25,Setup!$A$60:$A$89,0)),"")))
D26: =IF(OR($B26="",$C26=""),"",$C26*IFERROR(INDEX(Setup!$C$47:$C$56,MATCH($B26,Setup!$A$47:$A$56,0)),IFERROR(INDEX(Setup!$C$60:$C$89,MATCH($B26,Setup!$A$60:$A$89,0)),"")))
D27: =IF(OR($B27="",$C27=""),"",$C27*IFERROR(INDEX(Setup!$C$47:$C$56,MATCH($B27,Setup!$A$47:$A$56,0)),IFERROR(INDEX(Setup!$C$60:$C$89,MATCH($B27,Setup!$A$60:$A$89,0)),"")))
D28: =IF(OR($B28="",$C28=""),"",$C28*IFERROR(INDEX(Setup!$C$47:$C$56,MATCH($B28,Setup!$A$47:$A$56,0)),IFERROR(INDEX(Setup!$C$60:$C$89,MATCH($B28,Setup!$A$60:$A$89,0)),"")))
D29: =IF(OR($B29="",$C29=""),"",$C29*IFERROR(INDEX(Setup!$C$47:$C$56,MATCH($B29,Setup!$A$47:$A$56,0)),IFERROR(INDEX(Setup!$C$60:$C$89,MATCH($B29,Setup!$A$60:$A$89,0)),"")))
D30: =IF(OR($B30="",$C30=""),"",$C30*IFERROR(INDEX(Setup!$C$47:$C$56,MATCH($B30,Setup!$A$47:$A$56,0)),IFERROR(INDEX(Setup!$C$60:$C$89,MATCH($B30,Setup!$A$60:$A$89,0)),"")))
... D4998: =IF(OR($B4998="",$C4998=""),"",$C4998*IFERROR(INDEX(Setup!$C$47:$C$56,MATCH($B4998,Setup!$A$47:$A$56,0)),IFERROR(INDEX(Setup!$C$60:$C$89,MATCH($B4998,Setup!$A$60:$A$89,0)),"")))

Sheet Dosage
A1: Current calculation time (NOW): | B1: =NOW() -> 46279.599
A2: Skid / Tank | B2: Effective From (date & time) | C2: LPH | D2: Duration (hrs/dose) | E2: Frequency (days between doses) | F2: Avg Daily Rate (L/day, calculated) | G2: Notes | H2: Segment End (auto, don't edit)
A3: Inlet Skid - POUR POINT DEPROSSOR (40-Z-05) | B3: 46278.396 | C3: 5 | D3: 24 | E3: 1 | F3: =IF(OR(C3="",D3="",E3="",E3=0),0,C3*D3/E3) -> 120 | G3: Initial rate | H3: =IF(OR($A3="",_xlfn.MINIFS($B$3:$B$5000,$A$3:$A$5000,$A3,$B$3:$B$5000,">"&$B3)=0),NOW(),_xlfn.MINIFS($B$3:$B$5000,$A$3:$A$5000,$A3,$B$3:$B$5000,">"&$B3)) -> 46279.599
A4: Inlet Skid - CORROSION INHIBITOR (40-Z-09) | B4: 46278.396 | C4: 0 | D4: 24 | E4: 1 | F4: =IF(OR(C4="",D4="",E4="",E4=0),0,C4*D4/E4) -> 0 | G4: Initial rate | H4: =IF(OR($A4="",_xlfn.MINIFS($B$3:$B$5000,$A$3:$A$5000,$A4,$B$3:$B$5000,">"&$B4)=0),NOW(),_xlfn.MINIFS($B$3:$B$5000,$A$3:$A$5000,$A4,$B$3:$B$5000,">"&$B4)) -> 46279.599
A5: Inlet Skid - SCALE INHIBITOR (40-Z-03) | B5: 46278.396 | C5: 1 | D5: 24 | E5: 1 | F5: =IF(OR(C5="",D5="",E5="",E5=0),0,C5*D5/E5) -> 24 | G5: Initial rate | H5: =IF(OR($A5="",_xlfn.MINIFS($B$3:$B$5000,$A$3:$A$5000,$A5,$B$3:$B$5000,">"&$B5)=0),NOW(),_xlfn.MINIFS($B$3:$B$5000,$A$3:$A$5000,$A5,$B$3:$B$5000,">"&$B5)) -> 46279.599
A6: Inlet Skid - ANTIFOAM (40-Z-04) | B6: 46278.396 | C6: 0 | D6: 24 | E6: 1 | F6: =IF(OR(C6="",D6="",E6="",E6=0),0,C6*D6/E6) -> 0 | G6: Initial rate | H6: =IF(OR($A6="",_xlfn.MINIFS($B$3:$B$5000,$A$3:$A$5000,$A6,$B$3:$B$5000,">"&$B6)=0),NOW(),_xlfn.MINIFS($B$3:$B$5000,$A$3:$A$5000,$A6,$B$3:$B$5000,">"&$B6)) -> 46279.599
A7: Water Treatment Skid - CORROSION INHIBITOR (40-Z-08) | B7: 46278.396 | C7: 0.35 | D7: 24 | E7: 1 | F7: =IF(OR(C7="",D7="",E7="",E7=0),0,C7*D7/E7) -> 8.4 | G7: Initial rate | H7: =IF(OR($A7="",_xlfn.MINIFS($B$3:$B$5000,$A$3:$A$5000,$A7,$B$3:$B$5000,">"&$B7)=0),NOW(),_xlfn.MINIFS($B$3:$B$5000,$A$3:$A$5000,$A7,$B$3:$B$5000,">"&$B7)) -> 46279.599
A8: Water Treatment Skid - FLOCCULANT (40-Z-06) | B8: 46278.396 | C8: 0.25 | D8: 24 | E8: 1 | F8: =IF(OR(C8="",D8="",E8="",E8=0),0,C8*D8/E8) -> 6 | G8: Initial rate | H8: =IF(OR($A8="",_xlfn.MINIFS($B$3:$B$5000,$A$3:$A$5000,$A8,$B$3:$B$5000,">"&$B8)=0),NOW(),_xlfn.MINIFS($B$3:$B$5000,$A$3:$A$5000,$A8,$B$3:$B$5000,">"&$B8)) -> 46279.599
A9: A-07 Corrosion Inhibitor Skid | B9: 46275.708 | C9: 0.42 | D9: 24 | E9: 1 | F9: =IF(OR(C9="",D9="",E9="",E9=0),0,C9*D9/E9) -> 10.08 | G9: Initial rate | H9: =IF(OR($A9="",_xlfn.MINIFS($B$3:$B$5000,$A$3:$A$5000,$A9,$B$3:$B$5000,">"&$B9)=0),NOW(),_xlfn.MINIFS($B$3:$B$5000,$A$3:$A$5000,$A9,$B$3:$B$5000,">"&$B9)) -> 46279.599
A10: A-07 Biocide Skid | B10: 46275.708 | C10: 0.6 | D10: 5 | E10: 14 | F10: =IF(OR(C10="",D10="",E10="",E10=0),0,C10*D10/E10) -> 0.21428571 | G10: Initial rate | H10: =IF(OR($A10="",_xlfn.MINIFS($B$3:$B$5000,$A$3:$A$5000,$A10,$B$3:$B$5000,">"&$B10)=0),NOW(),_xlfn.MINIFS($B$3:$B$5000,$A$3:$A$5000,$A10,$B$3:$B$5000,">"&$B10)) -> 46279.599
A11: A-131 Scale-Inhibitor Skid | B11: 46275.708 | C11: 0.21 | D11: 24 | E11: 1 | F11: =IF(OR(C11="",D11="",E11="",E11=0),0,C11*D11/E11) -> 5.04 | G11: Initial rate | H11: =IF(OR($A11="",_xlfn.MINIFS($B$3:$B$5000,$A$3:$A$5000,$A11,$B$3:$B$5000,">"&$B11)=0),NOW(),_xlfn.MINIFS($B$3:$B$5000,$A$3:$A$5000,$A11,$B$3:$B$5000,">"&$B11)) -> 46279.599
A12: A-126 Corrosion Inhibitor Skid | B12: 46275.708 | C12: 1.67 | D12: 24 | E12: 1 | F12: =IF(OR(C12="",D12="",E12="",E12=0),0,C12*D12/E12) -> 40.08 | G12: Initial rate | H12: =IF(OR($A12="",_xlfn.MINIFS($B$3:$B$5000,$A$3:$A$5000,$A12,$B$3:$B$5000,">"&$B12)=0),NOW(),_xlfn.MINIFS($B$3:$B$5000,$A$3:$A$5000,$A12,$B$3:$B$5000,">"&$B12)) -> 46279.599
A13: A-113 Corrosion Inhibitor Skid | B13: 46275.708 | C13: 0.95 | D13: 24 | E13: 1 | F13: =IF(OR(C13="",D13="",E13="",E13=0),0,C13*D13/E13) -> 22.8 | G13: Initial rate | H13: =IF(OR($A13="",_xlfn.MINIFS($B$3:$B$5000,$A$3:$A$5000,$A13,$B$3:$B$5000,">"&$B13)=0),NOW(),_xlfn.MINIFS($B$3:$B$5000,$A$3:$A$5000,$A13,$B$3:$B$5000,">"&$B13)) -> 46279.599
A14: A-131 Corrosion Inhibitor Skid | B14: 46275.708 | C14: 0.83333 | D14: 24 | E14: 1 | F14: =IF(OR(C14="",D14="",E14="",E14=0),0,C14*D14/E14) -> 19.99992 | G14: Initial rate | H14: =IF(OR($A14="",_xlfn.MINIFS($B$3:$B$5000,$A$3:$A$5000,$A14,$B$3:$B$5000,">"&$B14)=0),NOW(),_xlfn.MINIFS($B$3:$B$5000,$A$3:$A$5000,$A14,$B$3:$B$5000,">"&$B14)) -> 46279.599
... A19: A-130 Biocide Skid | B19: 46275.708 | C19: 6.2 | D19: 5 | E19: 14 | F19: =IF(OR(C19="",D19="",E19="",E19=0),0,C19*D19/E19) -> 2.2142857 | G19: Initial rate | H19: =IF(OR($A19="",_xlfn.MINIFS($B$3:$B$5000,$A$3:$A$5000,$A19,$B$3:$B$5000,">"&$B19)=0),NOW(),_xlfn.MINIFS($B$3:$B$5000,$A$3:$A$5000,$A19,$B$3:$B$5000,">"&$B19)) -> 46279.599
F20: =IF(OR(C20="",D20="",E20="",E20=0),0,C20*D20/E20) -> 0 | H20: =IF(OR($A20="",_xlfn.MINIFS($B$3:$B$5000,$A$3:$A$5000,$A20,$B$3:$B$5000,">"&$B20)=0),NOW(),_xlfn.MINIFS($B$3:$B$5000,$A$3:$A$5000,$A20,$B$3:$B$5000,">"&$B20)) -> 46279.599
F21: =IF(OR(C21="",D21="",E21="",E21=0),0,C21*D21/E21) -> 0 | H21: =IF(OR($A21="",_xlfn.MINIFS($B$3:$B$5000,$A$3:$A$5000,$A21,$B$3:$B$5000,">"&$B21)=0),NOW(),_xlfn.MINIFS($B$3:$B$5000,$A$3:$A$5000,$A21,$B$3:$B$5000,">"&$B21)) -> 46279.599
F22: =IF(OR(C22="",D22="",E22="",E22=0),0,C22*D22/E22) -> 0 | H22: =IF(OR($A22="",_xlfn.MINIFS($B$3:$B$5000,$A$3:$A$5000,$A22,$B$3:$B$5000,">"&$B22)=0),NOW(),_xlfn.MINIFS($B$3:$B$5000,$A$3:$A$5000,$A22,$B$3:$B$5000,">"&$B22)) -> 46279.599
F23: =IF(OR(C23="",D23="",E23="",E23=0),0,C23*D23/E23) -> 0 | H23: =IF(OR($A23="",_xlfn.MINIFS($B$3:$B$5000,$A$3:$A$5000,$A23,$B$3:$B$5000,">"&$B23)=0),NOW(),_xlfn.MINIFS($B$3:$B$5000,$A$3:$A$5000,$A23,$B$3:$B$5000,">"&$B23)) -> 46279.599
F24: =IF(OR(C24="",D24="",E24="",E24=0),0,C24*D24/E24) -> 0 | H24: =IF(OR($A24="",_xlfn.MINIFS($B$3:$B$5000,$A$3:$A$5000,$A24,$B$3:$B$5000,">"&$B24)=0),NOW(),_xlfn.MINIFS($B$3:$B$5000,$A$3:$A$5000,$A24,$B$3:$B$5000,">"&$B24)) -> 46279.599
F25: =IF(OR(C25="",D25="",E25="",E25=0),0,C25*D25/E25) -> 0 | H25: =IF(OR($A25="",_xlfn.MINIFS($B$3:$B$5000,$A$3:$A$5000,$A25,$B$3:$B$5000,">"&$B25)=0),NOW(),_xlfn.MINIFS($B$3:$B$5000,$A$3:$A$5000,$A25,$B$3:$B$5000,">"&$B25)) -> 46279.599
F26: =IF(OR(C26="",D26="",E26="",E26=0),0,C26*D26/E26) -> 0 | H26: =IF(OR($A26="",_xlfn.MINIFS($B$3:$B$5000,$A$3:$A$5000,$A26,$B$3:$B$5000,">"&$B26)=0),NOW(),_xlfn.MINIFS($B$3:$B$5000,$A$3:$A$5000,$A26,$B$3:$B$5000,">"&$B26)) -> 46279.599
F27: =IF(OR(C27="",D27="",E27="",E27=0),0,C27*D27/E27) -> 0 | H27: =IF(OR($A27="",_xlfn.MINIFS($B$3:$B$5000,$A$3:$A$5000,$A27,$B$3:$B$5000,">"&$B27)=0),NOW(),_xlfn.MINIFS($B$3:$B$5000,$A$3:$A$5000,$A27,$B$3:$B$5000,">"&$B27)) -> 46279.599
F28: =IF(OR(C28="",D28="",E28="",E28=0),0,C28*D28/E28) -> 0 | H28: =IF(OR($A28="",_xlfn.MINIFS($B$3:$B$5000,$A$3:$A$5000,$A28,$B$3:$B$5000,">"&$B28)=0),NOW(),_xlfn.MINIFS($B$3:$B$5000,$A$3:$A$5000,$A28,$B$3:$B$5000,">"&$B28)) -> 46279.599
F29: =IF(OR(C29="",D29="",E29="",E29=0),0,C29*D29/E29) -> 0 | H29: =IF(OR($A29="",_xlfn.MINIFS($B$3:$B$5000,$A$3:$A$5000,$A29,$B$3:$B$5000,">"&$B29)=0),NOW(),_xlfn.MINIFS($B$3:$B$5000,$A$3:$A$5000,$A29,$B$3:$B$5000,">"&$B29)) -> 46279.599
F30: =IF(OR(C30="",D30="",E30="",E30=0),0,C30*D30/E30) -> 0 | H30: =IF(OR($A30="",_xlfn.MINIFS($B$3:$B$5000,$A$3:$A$5000,$A30,$B$3:$B$5000,">"&$B30)=0),NOW(),_xlfn.MINIFS($B$3:$B$5000,$A$3:$A$5000,$A30,$B$3:$B$5000,">"&$B30)) -> 46279.599
F31: =IF(OR(C31="",D31="",E31="",E31=0),0,C31*D31/E31) -> 0 | H31: =IF(OR($A31="",_xlfn.MINIFS($B$3:$B$5000,$A$3:$A$5000,$A31,$B$3:$B$5000,">"&$B31)=0),NOW(),_xlfn.MINIFS($B$3:$B$5000,$A$3:$A$5000,$A31,$B$3:$B$5000,">"&$B31)) -> 46279.599
... F62: =IF(OR(C62="",D62="",E62="",E62=0),0,C62*D62/E62) -> 0 | H62: =IF(OR($A62="",_xlfn.MINIFS($B$3:$B$5000,$A$3:$A$5000,$A62,$B$3:$B$5000,">"&$B62)=0),NOW(),_xlfn.MINIFS($B$3:$B$5000,$A$3:$A$5000,$A62,$B$3:$B$5000,">"&$B62)) -> 46279.599
A63: Well A-07 Corrosion Inhibitor | F63: =IF(OR(C63="",D63="",E63="",E63=0),0,C63*D63/E63) -> 0 | H63: =IF(OR($A63="",_xlfn.MINIFS($B$3:$B$5000,$A$3:$A$5000,$A63,$B$3:$B$5000,">"&$B63)=0),NOW(),_xlfn.MINIFS($B$3:$B$5000,$A$3:$A$5000,$A63,$B$3:$B$5000,">"&$B63)) -> 46279.599
A64: xsxcs | F64: =IF(OR(C64="",D64="",E64="",E64=0),0,C64*D64/E64) -> 0 | H64: =IF(OR($A64="",_xlfn.MINIFS($B$3:$B$5000,$A$3:$A$5000,$A64,$B$3:$B$5000,">"&$B64)=0),NOW(),_xlfn.MINIFS($B$3:$B$5000,$A$3:$A$5000,$A64,$B$3:$B$5000,">"&$B64)) -> 46279.599
A65: Well A-113 | F65: =IF(OR(C65="",D65="",E65="",E65=0),0,C65*D65/E65) -> 0 | H65: =IF(OR($A65="",_xlfn.MINIFS($B$3:$B$5000,$A$3:$A$5000,$A65,$B$3:$B$5000,">"&$B65)=0),NOW(),_xlfn.MINIFS($B$3:$B$5000,$A$3:$A$5000,$A65,$B$3:$B$5000,">"&$B65)) -> 46279.599
F66: =IF(OR(C66="",D66="",E66="",E66=0),0,C66*D66/E66) -> 0 | H66: =IF(OR($A66="",_xlfn.MINIFS($B$3:$B$5000,$A$3:$A$5000,$A66,$B$3:$B$5000,">"&$B66)=0),NOW(),_xlfn.MINIFS($B$3:$B$5000,$A$3:$A$5000,$A66,$B$3:$B$5000,">"&$B66)) -> 46279.599
F67: =IF(OR(C67="",D67="",E67="",E67=0),0,C67*D67/E67) -> 0 | H67: =IF(OR($A67="",_xlfn.MINIFS($B$3:$B$5000,$A$3:$A$5000,$A67,$B$3:$B$5000,">"&$B67)=0),NOW(),_xlfn.MINIFS($B$3:$B$5000,$A$3:$A$5000,$A67,$B$3:$B$5000,">"&$B67)) -> 46279.599
F68: =IF(OR(C68="",D68="",E68="",E68=0),0,C68*D68/E68) -> 0 | H68: =IF(OR($A68="",_xlfn.MINIFS($B$3:$B$5000,$A$3:$A$5000,$A68,$B$3:$B$5000,">"&$B68)=0),NOW(),_xlfn.MINIFS($B$3:$B$5000,$A$3:$A$5000,$A68,$B$3:$B$5000,">"&$B68)) -> 46279.599
F69: =IF(OR(C69="",D69="",E69="",E69=0),0,C69*D69/E69) -> 0 | H69: =IF(OR($A69="",_xlfn.MINIFS($B$3:$B$5000,$A$3:$A$5000,$A69,$B$3:$B$5000,">"&$B69)=0),NOW(),_xlfn.MINIFS($B$3:$B$5000,$A$3:$A$5000,$A69,$B$3:$B$5000,">"&$B69)) -> 46279.599
F70: =IF(OR(C70="",D70="",E70="",E70=0),0,C70*D70/E70) -> 0 | H70: =IF(OR($A70="",_xlfn.MINIFS($B$3:$B$5000,$A$3:$A$5000,$A70,$B$3:$B$5000,">"&$B70)=0),NOW(),_xlfn.MINIFS($B$3:$B$5000,$A$3:$A$5000,$A70,$B$3:$B$5000,">"&$B70)) -> 46279.599
F71: =IF(OR(C71="",D71="",E71="",E71=0),0,C71*D71/E71) -> 0 | H71: =IF(OR($A71="",_xlfn.MINIFS($B$3:$B$5000,$A$3:$A$5000,$A71,$B$3:$B$5000,">"&$B71)=0),NOW(),_xlfn.MINIFS($B$3:$B$5000,$A$3:$A$5000,$A71,$B$3:$B$5000,">"&$B71)) -> 46279.599
F72: =IF(OR(C72="",D72="",E72="",E72=0),0,C72*D72/E72) -> 0 | H72: =IF(OR($A72="",_xlfn.MINIFS($B$3:$B$5000,$A$3:$A$5000,$A72,$B$3:$B$5000,">"&$B72)=0),NOW(),_xlfn.MINIFS($B$3:$B$5000,$A$3:$A$5000,$A72,$B$3:$B$5000,">"&$B72)) -> 46279.599
F73: =IF(OR(C73="",D73="",E73="",E73=0),0,C73*D73/E73) -> 0 | H73: =IF(OR($A73="",_xlfn.MINIFS($B$3:$B$5000,$A$3:$A$5000,$A73,$B$3:$B$5000,">"&$B73)=0),NOW(),_xlfn.MINIFS($B$3:$B$5000,$A$3:$A$5000,$A73,$B$3:$B$5000,">"&$B73)) -> 46279.599
F74: =IF(OR(C74="",D74="",E74="",E74=0),0,C74*D74/E74) -> 0 | H74: =IF(OR($A74="",_xlfn.MINIFS($B$3:$B$5000,$A$3:$A$5000,$A74,$B$3:$B$5000,">"&$B74)=0),NOW(),_xlfn.MINIFS($B$3:$B$5000,$A$3:$A$5000,$A74,$B$3:$B$5000,">"&$B74)) -> 46279.599
F75: =IF(OR(C75="",D75="",E75="",E75=0),0,C75*D75/E75) -> 0 | H75: =IF(OR($A75="",_xlfn.MINIFS($B$3:$B$5000,$A$3:$A$5000,$A75,$B$3:$B$5000,">"&$B75)=0),NOW(),_xlfn.MINIFS($B$3:$B$5000,$A$3:$A$5000,$A75,$B$3:$B$5000,">"&$B75)) -> 46279.599
F76: =IF(OR(C76="",D76="",E76="",E76=0),0,C76*D76/E76) -> 0 | H76: =IF(OR($A76="",_xlfn.MINIFS($B$3:$B$5000,$A$3:$A$5000,$A76,$B$3:$B$5000,">"&$B76)=0),NOW(),_xlfn.MINIFS($B$3:$B$5000,$A$3:$A$5000,$A76,$B$3:$B$5000,">"&$B76)) -> 46279.599
F77: =IF(OR(C77="",D77="",E77="",E77=0),0,C77*D77/E77) -> 0 | H77: =IF(OR($A77="",_xlfn.MINIFS($B$3:$B$5000,$A$3:$A$5000,$A77,$B$3:$B$5000,">"&$B77)=0),NOW(),_xlfn.MINIFS($B$3:$B$5000,$A$3:$A$5000,$A77,$B$3:$B$5000,">"&$B77)) -> 46279.599
... F5000: =IF(OR(C5000="",D5000="",E5000="",E5000=0),0,C5000*D5000/E5000) -> 0 | H5000: =IF(OR($A5000="",_xlfn.MINIFS($B$3:$B$5000,$A$3:$A$5000,$A5000,$B$3:$B$5000,">"&$B5000)=0),NOW(),_xlfn.MINIFS($B$3:$B$5000,$A$3:$A$5000,$A5000,$B$3:$B$5000,">"&$B5000)) -> 46279.599

Sheet Tank_Levels
A1: Skid / Tank | B1: Current Chemical | C1: Capacity (L) | D1: Current Rate (L/day) | E1: Last Reading (date & time) | F1: Level at Reading (L) | G1: Fills Since Reading (L) | H1: Consumed Since Reading (L) | I1: Current Level (L) | J1: Current % | K1: Days to Empty | L1: Projected Empty Date | N1: Filled % | O1: Empty %
A2: =Setup!$A$92 -> Inlet Skid - DE-MULSIFIER (40-Z-01) | B2: =IF(Setup!$A$92="","",IFERROR(INDEX(Setup!$B$47:$B$89,MATCH(Setup!$A$92,Setup!$A$47:$A$89,0)),"")) -> 0 | C2: =IF(Setup!$A$92="","",IFERROR(INDEX(Setup!$C$47:$C$89,MATCH(Setup!$A$92,Setup!$A$47:$A$89,0)),"")) -> 750 | D2: =IF($A2="","",SUMPRODUCT((Dosage!$A$3:$A$5000=$A2)*(Dosage!$B$3:$B$5000=_xlfn.MAXIFS(Dosage!$B$3:$B$5000,Dosage!$A$3:$A$5000,$A2,Dosage!$B$3:$B$5000,"<="&NOW()))*Dosage!$F$3:$F$5000)) -> 0 | E2: =IF($A2="","",IF(COUNTIFS(Tank_Adjustments!$B$2:$B$4998,$A2)>0,_xlfn.MAXIFS(Tank_Adjustments!$A$2:$A$4998,Tank_Adjustments!$B$2:$B$4998,$A2),IF(COUNTIFS(Warehouse_Log!$G$2:$G$4999,$A2,Warehouse_Log!$B$2:$B$4999,"OUT")>0,_xlfn.MINIFS(Warehouse_Log!$A$2:$A$4999,Warehouse_Log!$G$2:$G$4999,$A2,Warehouse_Log!$B$2:$B$4999,"OUT"),""))) | F2: =IF(OR($A2="",$E2=""),0,IF(COUNTIFS(Tank_Adjustments!$B$2:$B$4998,$A2)>0,SUMIFS(Tank_Adjustments!$D$2:$D$4998,Tank_Adjustments!$B$2:$B$4998,$A2,Tank_Adjustments!$A$2:$A$4998,$E2),0)) -> 0 | G2: =IF(OR($A2="",$E2=""),0,IF(COUNTIFS(Tank_Adjustments!$B$2:$B$4998,$A2)>0,SUMIFS(Warehouse_Log!$F$2:$F$4999,Warehouse_Log!$G$2:$G$4999,$A2,Warehouse_Log!$B$2:$B$4999,"OUT",Warehouse_Log!$A$2:$A$4999,">"&$E2),SUMIFS(Warehouse_Log!$F$2:$F$4999,Warehouse_Log!$G$2:$G$4999,$A2,Warehouse_Log!$B$2:$B$4999,"OUT",Warehouse_Log!$A$2:$A$4999,">="&$E2))) -> 0 | H2: =IF(OR($A2="",$E2=""),0,SUMPRODUCT((Dosage!$A$3:$A$5000=$A2)*(((Dosage!$H$3:$H$5000*(Dosage!$H$3:$H$5000<=NOW())+NOW()*(Dosage!$H$3:$H$5000>NOW()))-(Dosage!$B$3:$B$5000*(Dosage!$B$3:$B$5000>=$E2)+$E2*(Dosage!$B$3:$B$5000<$E2)))>0)*((Dosage!$H$3:$H$5000*(Dosage!$H$3:$H$5000<=NOW())+NOW()*(Dosage!$H$3:$H$5000>NOW()))-(Dosage!$B$3:$B$5000*(Dosage!$B$3:$B$5000>=$E2)+$E2*(Dosage!$B$3:$B$5000<$E2)))*Dosage!$F$3:$F$5000)) -> 0 | I2: =IF(OR($A2="",$E2=""),"",MIN($C2,MAX(0,$F2+$G2-$H2))) | J2: =IF(OR($I2="",$C2="",$C2=0),"",$I2/$C2) | K2: =IF(OR($I2="",$D2="",$D2=0),"",$I2/$D2) | L2: =IF($K2="","",TODAY()+$K2) | N2: =IF($J2="","",MIN(1,$J2)) | O2: =IF($J2="","",MAX(0,1-$J2))
A3: =Setup!$A$93 -> Inlet Skid - POUR POINT DEPROSSOR (40-Z-05) | B3: =IF(Setup!$A$93="","",IFERROR(INDEX(Setup!$B$47:$B$89,MATCH(Setup!$A$93,Setup!$A$47:$A$89,0)),"")) -> Demulsifier (89067) | C3: =IF(Setup!$A$93="","",IFERROR(INDEX(Setup!$C$47:$C$89,MATCH(Setup!$A$93,Setup!$A$47:$A$89,0)),"")) -> 1510 | D3: =IF($A3="","",SUMPRODUCT((Dosage!$A$3:$A$5000=$A3)*(Dosage!$B$3:$B$5000=_xlfn.MAXIFS(Dosage!$B$3:$B$5000,Dosage!$A$3:$A$5000,$A3,Dosage!$B$3:$B$5000,"<="&NOW()))*Dosage!$F$3:$F$5000)) -> 120 | E3: =IF($A3="","",IF(COUNTIFS(Tank_Adjustments!$B$2:$B$4998,$A3)>0,_xlfn.MAXIFS(Tank_Adjustments!$A$2:$A$4998,Tank_Adjustments!$B$2:$B$4998,$A3),IF(COUNTIFS(Warehouse_Log!$G$2:$G$4999,$A3,Warehouse_Log!$B$2:$B$4999,"OUT")>0,_xlfn.MINIFS(Warehouse_Log!$A$2:$A$4999,Warehouse_Log!$G$2:$G$4999,$A3,Warehouse_Log!$B$2:$B$4999,"OUT"),""))) -> 46278.389 | F3: =IF(OR($A3="",$E3=""),0,IF(COUNTIFS(Tank_Adjustments!$B$2:$B$4998,$A3)>0,SUMIFS(Tank_Adjustments!$D$2:$D$4998,Tank_Adjustments!$B$2:$B$4998,$A3,Tank_Adjustments!$A$2:$A$4998,$E3),0)) -> 422.8 | G3: =IF(OR($A3="",$E3=""),0,IF(COUNTIFS(Tank_Adjustments!$B$2:$B$4998,$A3)>0,SUMIFS(Warehouse_Log!$F$2:$F$4999,Warehouse_Log!$G$2:$G$4999,$A3,Warehouse_Log!$B$2:$B$4999,"OUT",Warehouse_Log!$A$2:$A$4999,">"&$E3),SUMIFS(Warehouse_Log!$F$2:$F$4999,Warehouse_Log!$G$2:$G$4999,$A3,Warehouse_Log!$B$2:$B$4999,"OUT",Warehouse_Log!$A$2:$A$4999,">="&$E3))) -> 800 | H3: =IF(OR($A3="",$E3=""),0,SUMPRODUCT((Dosage!$A$3:$A$5000=$A3)*(((Dosage!$H$3:$H$5000*(Dosage!$H$3:$H$5000<=NOW())+NOW()*(Dosage!$H$3:$H$5000>NOW()))-(Dosage!$B$3:$B$5000*(Dosage!$B$3:$B$5000>=$E3)+$E3*(Dosage!$B$3:$B$5000<$E3)))>0)*((Dosage!$H$3:$H$5000*(Dosage!$H$3:$H$5000<=NOW())+NOW()*(Dosage!$H$3:$H$5000>NOW()))-(Dosage!$B$3:$B$5000*(Dosage!$B$3:$B$5000>=$E3)+$E3*(Dosage!$B$3:$B$5000<$E3)))*Dosage!$F$3:$F$5000)) -> 0 | I3: =IF(OR($A3="",$E3=""),"",MIN($C3,MAX(0,$F3+$G3-$H3))) -> 1222.8 | J3: =IF(OR($I3="",$C3="",$C3=0),"",$I3/$C3) -> 0.80980132 | K3: =IF(OR($I3="",$D3="",$D3=0),"",$I3/$D3) -> 10.19 | L3: =IF($K3="","",TODAY()+$K3) -> 46289.19 | N3: =IF($J3="","",MIN(1,$J3)) -> 0.80980132 | O3: =IF($J3="","",MAX(0,1-$J3)) -> 0.19019868
A4: =Setup!$A$94 -> Inlet Skid - CORROSION INHIBITOR (40-Z-09) | B4: =IF(Setup!$A$94="","",IFERROR(INDEX(Setup!$B$47:$B$89,MATCH(Setup!$A$94,Setup!$A$47:$A$89,0)),"")) -> Corrosion Inhibitor (KI-34154) | C4: =IF(Setup!$A$94="","",IFERROR(INDEX(Setup!$C$47:$C$89,MATCH(Setup!$A$94,Setup!$A$47:$A$89,0)),"")) -> 750 | D4: =IF($A4="","",SUMPRODUCT((Dosage!$A$3:$A$5000=$A4)*(Dosage!$B$3:$B$5000=_xlfn.MAXIFS(Dosage!$B$3:$B$5000,Dosage!$A$3:$A$5000,$A4,Dosage!$B$3:$B$5000,"<="&NOW()))*Dosage!$F$3:$F$5000)) -> 0 | E4: =IF($A4="","",IF(COUNTIFS(Tank_Adjustments!$B$2:$B$4998,$A4)>0,_xlfn.MAXIFS(Tank_Adjustments!$A$2:$A$4998,Tank_Adjustments!$B$2:$B$4998,$A4),IF(COUNTIFS(Warehouse_Log!$G$2:$G$4999,$A4,Warehouse_Log!$B$2:$B$4999,"OUT")>0,_xlfn.MINIFS(Warehouse_Log!$A$2:$A$4999,Warehouse_Log!$G$2:$G$4999,$A4,Warehouse_Log!$B$2:$B$4999,"OUT"),""))) -> 46278.389 | F4: =IF(OR($A4="",$E4=""),0,IF(COUNTIFS(Tank_Adjustments!$B$2:$B$4998,$A4)>0,SUMIFS(Tank_Adjustments!$D$2:$D$4998,Tank_Adjustments!$B$2:$B$4998,$A4,Tank_Adjustments!$A$2:$A$4998,$E4),0)) -> 0 | G4: =IF(OR($A4="",$E4=""),0,IF(COUNTIFS(Tank_Adjustments!$B$2:$B$4998,$A4)>0,SUMIFS(Warehouse_Log!$F$2:$F$4999,Warehouse_Log!$G$2:$G$4999,$A4,Warehouse_Log!$B$2:$B$4999,"OUT",Warehouse_Log!$A$2:$A$4999,">"&$E4),SUMIFS(Warehouse_Log!$F$2:$F$4999,Warehouse_Log!$G$2:$G$4999,$A4,Warehouse_Log!$B$2:$B$4999,"OUT",Warehouse_Log!$A$2:$A$4999,">="&$E4))) -> 0 | H4: =IF(OR($A4="",$E4=""),0,SUMPRODUCT((Dosage!$A$3:$A$5000=$A4)*(((Dosage!$H$3:$H$5000*(Dosage!$H$3:$H$5000<=NOW())+NOW()*(Dosage!$H$3:$H$5000>NOW()))-(Dosage!$B$3:$B$5000*(Dosage!$B$3:$B$5000>=$E4)+$E4*(Dosage!$B$3:$B$5000<$E4)))>0)*((Dosage!$H$3:$H$5000*(Dosage!$H$3:$H$5000<=NOW())+NOW()*(Dosage!$H$3:$H$5000>NOW()))-(Dosage!$B$3:$B$5000*(Dosage!$B$3:$B$5000>=$E4)+$E4*(Dosage!$B$3:$B$5000<$E4)))*Dosage!$F$3:$F$5000)) -> 0 | I4: =IF(OR($A4="",$E4=""),"",MIN($C4,MAX(0,$F4+$G4-$H4))) -> 0 | J4: =IF(OR($I4="",$C4="",$C4=0),"",$I4/$C4) -> 0 | K4: =IF(OR($I4="",$D4="",$D4=0),"",$I4/$D4) | L4: =IF($K4="","",TODAY()+$K4) | N4: =IF($J4="","",MIN(1,$J4)) -> 0 | O4: =IF($J4="","",MAX(0,1-$J4)) -> 1
A5: =Setup!$A$95 -> Inlet Skid - SCALE INHIBITOR (40-Z-03) | B5: =IF(Setup!$A$95="","",IFERROR(INDEX(Setup!$B$47:$B$89,MATCH(Setup!$A$95,Setup!$A$47:$A$89,0)),"")) -> Scale Inhibitor (SI-44108) | C5: =IF(Setup!$A$95="","",IFERROR(INDEX(Setup!$C$47:$C$89,MATCH(Setup!$A$95,Setup!$A$47:$A$89,0)),"")) -> 750 | D5: =IF($A5="","",SUMPRODUCT((Dosage!$A$3:$A$5000=$A5)*(Dosage!$B$3:$B$5000=_xlfn.MAXIFS(Dosage!$B$3:$B$5000,Dosage!$A$3:$A$5000,$A5,Dosage!$B$3:$B$5000,"<="&NOW()))*Dosage!$F$3:$F$5000)) -> 24 | E5: =IF($A5="","",IF(COUNTIFS(Tank_Adjustments!$B$2:$B$4998,$A5)>0,_xlfn.MAXIFS(Tank_Adjustments!$A$2:$A$4998,Tank_Adjustments!$B$2:$B$4998,$A5),IF(COUNTIFS(Warehouse_Log!$G$2:$G$4999,$A5,Warehouse_Log!$B$2:$B$4999,"OUT")>0,_xlfn.MINIFS(Warehouse_Log!$A$2:$A$4999,Warehouse_Log!$G$2:$G$4999,$A5,Warehouse_Log!$B$2:$B$4999,"OUT"),""))) -> 46278.389 | F5: =IF(OR($A5="",$E5=""),0,IF(COUNTIFS(Tank_Adjustments!$B$2:$B$4998,$A5)>0,SUMIFS(Tank_Adjustments!$D$2:$D$4998,Tank_Adjustments!$B$2:$B$4998,$A5,Tank_Adjustments!$A$2:$A$4998,$E5),0)) -> 0 | G5: =IF(OR($A5="",$E5=""),0,IF(COUNTIFS(Tank_Adjustments!$B$2:$B$4998,$A5)>0,SUMIFS(Warehouse_Log!$F$2:$F$4999,Warehouse_Log!$G$2:$G$4999,$A5,Warehouse_Log!$B$2:$B$4999,"OUT",Warehouse_Log!$A$2:$A$4999,">"&$E5),SUMIFS(Warehouse_Log!$F$2:$F$4999,Warehouse_Log!$G$2:$G$4999,$A5,Warehouse_Log!$B$2:$B$4999,"OUT",Warehouse_Log!$A$2:$A$4999,">="&$E5))) -> 800 | H5: =IF(OR($A5="",$E5=""),0,SUMPRODUCT((Dosage!$A$3:$A$5000=$A5)*(((Dosage!$H$3:$H$5000*(Dosage!$H$3:$H$5000<=NOW())+NOW()*(Dosage!$H$3:$H$5000>NOW()))-(Dosage!$B$3:$B$5000*(Dosage!$B$3:$B$5000>=$E5)+$E5*(Dosage!$B$3:$B$5000<$E5)))>0)*((Dosage!$H$3:$H$5000*(Dosage!$H$3:$H$5000<=NOW())+NOW()*(Dosage!$H$3:$H$5000>NOW()))-(Dosage!$B$3:$B$5000*(Dosage!$B$3:$B$5000>=$E5)+$E5*(Dosage!$B$3:$B$5000<$E5)))*Dosage!$F$3:$F$5000)) -> 28.870343 | I5: =IF(OR($A5="",$E5=""),"",MIN($C5,MAX(0,$F5+$G5-$H5))) -> 750 | J5: =IF(OR($I5="",$C5="",$C5=0),"",$I5/$C5) -> 1 | K5: =IF(OR($I5="",$D5="",$D5=0),"",$I5/$D5) -> 31.25 | L5: =IF($K5="","",TODAY()+$K5) -> 46310.25 | N5: =IF($J5="","",MIN(1,$J5)) -> 1 | O5: =IF($J5="","",MAX(0,1-$J5)) -> 0
A6: =Setup!$A$96 -> Inlet Skid - ANTIFOAM (40-Z-04) | B6: =IF(Setup!$A$96="","",IFERROR(INDEX(Setup!$B$47:$B$89,MATCH(Setup!$A$96,Setup!$A$47:$A$89,0)),"")) -> Anti-Foam (DF-9000) | C6: =IF(Setup!$A$96="","",IFERROR(INDEX(Setup!$C$47:$C$89,MATCH(Setup!$A$96,Setup!$A$47:$A$89,0)),"")) -> 750 | D6: =IF($A6="","",SUMPRODUCT((Dosage!$A$3:$A$5000=$A6)*(Dosage!$B$3:$B$5000=_xlfn.MAXIFS(Dosage!$B$3:$B$5000,Dosage!$A$3:$A$5000,$A6,Dosage!$B$3:$B$5000,"<="&NOW()))*Dosage!$F$3:$F$5000)) -> 0 | E6: =IF($A6="","",IF(COUNTIFS(Tank_Adjustments!$B$2:$B$4998,$A6)>0,_xlfn.MAXIFS(Tank_Adjustments!$A$2:$A$4998,Tank_Adjustments!$B$2:$B$4998,$A6),IF(COUNTIFS(Warehouse_Log!$G$2:$G$4999,$A6,Warehouse_Log!$B$2:$B$4999,"OUT")>0,_xlfn.MINIFS(Warehouse_Log!$A$2:$A$4999,Warehouse_Log!$G$2:$G$4999,$A6,Warehouse_Log!$B$2:$B$4999,"OUT"),""))) -> 46278.389 | F6: =IF(OR($A6="",$E6=""),0,IF(COUNTIFS(Tank_Adjustments!$B$2:$B$4998,$A6)>0,SUMIFS(Tank_Adjustments!$D$2:$D$4998,Tank_Adjustments!$B$2:$B$4998,$A6,Tank_Adjustments!$A$2:$A$4998,$E6),0)) -> 150 | G6: =IF(OR($A6="",$E6=""),0,IF(COUNTIFS(Tank_Adjustments!$B$2:$B$4998,$A6)>0,SUMIFS(Warehouse_Log!$F$2:$F$4999,Warehouse_Log!$G$2:$G$4999,$A6,Warehouse_Log!$B$2:$B$4999,"OUT",Warehouse_Log!$A$2:$A$4999,">"&$E6),SUMIFS(Warehouse_Log!$F$2:$F$4999,Warehouse_Log!$G$2:$G$4999,$A6,Warehouse_Log!$B$2:$B$4999,"OUT",Warehouse_Log!$A$2:$A$4999,">="&$E6))) -> 0 | H6: =IF(OR($A6="",$E6=""),0,SUMPRODUCT((Dosage!$A$3:$A$5000=$A6)*(((Dosage!$H$3:$H$5000*(Dosage!$H$3:$H$5000<=NOW())+NOW()*(Dosage!$H$3:$H$5000>NOW()))-(Dosage!$B$3:$B$5000*(Dosage!$B$3:$B$5000>=$E6)+$E6*(Dosage!$B$3:$B$5000<$E6)))>0)*((Dosage!$H$3:$H$5000*(Dosage!$H$3:$H$5000<=NOW())+NOW()*(Dosage!$H$3:$H$5000>NOW()))-(Dosage!$B$3:$B$5000*(Dosage!$B$3:$B$5000>=$E6)+$E6*(Dosage!$B$3:$B$5000<$E6)))*Dosage!$F$3:$F$5000)) -> 0 | I6: =IF(OR($A6="",$E6=""),"",MIN($C6,MAX(0,$F6+$G6-$H6))) -> 150 | J6: =IF(OR($I6="",$C6="",$C6=0),"",$I6/$C6) -> 0.2 | K6: =IF(OR($I6="",$D6="",$D6=0),"",$I6/$D6) | L6: =IF($K6="","",TODAY()+$K6) | N6: =IF($J6="","",MIN(1,$J6)) -> 0.2 | O6: =IF($J6="","",MAX(0,1-$J6)) -> 0.8
A7: =Setup!$A$97 -> Water Treatment Skid - CORROSION INHIBITOR (40-Z-08) | B7: =IF(Setup!$A$97="","",IFERROR(INDEX(Setup!$B$47:$B$89,MATCH(Setup!$A$97,Setup!$A$47:$A$89,0)),"")) -> Corrosion Inhibitor (KI-34154) | C7: =IF(Setup!$A$97="","",IFERROR(INDEX(Setup!$C$47:$C$89,MATCH(Setup!$A$97,Setup!$A$47:$A$89,0)),"")) -> 750 | D7: =IF($A7="","",SUMPRODUCT((Dosage!$A$3:$A$5000=$A7)*(Dosage!$B$3:$B$5000=_xlfn.MAXIFS(Dosage!$B$3:$B$5000,Dosage!$A$3:$A$5000,$A7,Dosage!$B$3:$B$5000,"<="&NOW()))*Dosage!$F$3:$F$5000)) -> 8.4 | E7: =IF($A7="","",IF(COUNTIFS(Tank_Adjustments!$B$2:$B$4998,$A7)>0,_xlfn.MAXIFS(Tank_Adjustments!$A$2:$A$4998,Tank_Adjustments!$B$2:$B$4998,$A7),IF(COUNTIFS(Warehouse_Log!$G$2:$G$4999,$A7,Warehouse_Log!$B$2:$B$4999,"OUT")>0,_xlfn.MINIFS(Warehouse_Log!$A$2:$A$4999,Warehouse_Log!$G$2:$G$4999,$A7,Warehouse_Log!$B$2:$B$4999,"OUT"),""))) -> 46278.389 | F7: =IF(OR($A7="",$E7=""),0,IF(COUNTIFS(Tank_Adjustments!$B$2:$B$4998,$A7)>0,SUMIFS(Tank_Adjustments!$D$2:$D$4998,Tank_Adjustments!$B$2:$B$4998,$A7,Tank_Adjustments!$A$2:$A$4998,$E7),0)) -> 315 | G7: =IF(OR($A7="",$E7=""),0,IF(COUNTIFS(Tank_Adjustments!$B$2:$B$4998,$A7)>0,SUMIFS(Warehouse_Log!$F$2:$F$4999,Warehouse_Log!$G$2:$G$4999,$A7,Warehouse_Log!$B$2:$B$4999,"OUT",Warehouse_Log!$A$2:$A$4999,">"&$E7),SUMIFS(Warehouse_Log!$F$2:$F$4999,Warehouse_Log!$G$2:$G$4999,$A7,Warehouse_Log!$B$2:$B$4999,"OUT",Warehouse_Log!$A$2:$A$4999,">="&$E7))) -> 0 | H7: =IF(OR($A7="",$E7=""),0,SUMPRODUCT((Dosage!$A$3:$A$5000=$A7)*(((Dosage!$H$3:$H$5000*(Dosage!$H$3:$H$5000<=NOW())+NOW()*(Dosage!$H$3:$H$5000>NOW()))-(Dosage!$B$3:$B$5000*(Dosage!$B$3:$B$5000>=$E7)+$E7*(Dosage!$B$3:$B$5000<$E7)))>0)*((Dosage!$H$3:$H$5000*(Dosage!$H$3:$H$5000<=NOW())+NOW()*(Dosage!$H$3:$H$5000>NOW()))-(Dosage!$B$3:$B$5000*(Dosage!$B$3:$B$5000>=$E7)+$E7*(Dosage!$B$3:$B$5000<$E7)))*Dosage!$F$3:$F$5000)) -> 10.10462 | I7: =IF(OR($A7="",$E7=""),"",MIN($C7,MAX(0,$F7+$G7-$H7))) -> 304.89538 | J7: =IF(OR($I7="",$C7="",$C7=0),"",$I7/$C7) -> 0.40652717 | K7: =IF(OR($I7="",$D7="",$D7=0),"",$I7/$D7) -> 36.297069 | L7: =IF($K7="","",TODAY()+$K7) -> 46315.297 | N7: =IF($J7="","",MIN(1,$J7)) -> 0.40652717 | O7: =IF($J7="","",MAX(0,1-$J7)) -> 0.59347283
A8: =Setup!$A$98 -> Water Treatment Skid - FLOCCULANT (40-Z-06) | B8: =IF(Setup!$A$98="","",IFERROR(INDEX(Setup!$B$47:$B$89,MATCH(Setup!$A$98,Setup!$A$47:$A$89,0)),"")) -> Flocculant | C8: =IF(Setup!$A$98="","",IFERROR(INDEX(Setup!$C$47:$C$89,MATCH(Setup!$A$98,Setup!$A$47:$A$89,0)),"")) -> 750 | D8: =IF($A8="","",SUMPRODUCT((Dosage!$A$3:$A$5000=$A8)*(Dosage!$B$3:$B$5000=_xlfn.MAXIFS(Dosage!$B$3:$B$5000,Dosage!$A$3:$A$5000,$A8,Dosage!$B$3:$B$5000,"<="&NOW()))*Dosage!$F$3:$F$5000)) -> 6 | E8: =IF($A8="","",IF(COUNTIFS(Tank_Adjustments!$B$2:$B$4998,$A8)>0,_xlfn.MAXIFS(Tank_Adjustments!$A$2:$A$4998,Tank_Adjustments!$B$2:$B$4998,$A8),IF(COUNTIFS(Warehouse_Log!$G$2:$G$4999,$A8,Warehouse_Log!$B$2:$B$4999,"OUT")>0,_xlfn.MINIFS(Warehouse_Log!$A$2:$A$4999,Warehouse_Log!$G$2:$G$4999,$A8,Warehouse_Log!$B$2:$B$4999,"OUT"),""))) -> 46278.389 | F8: =IF(OR($A8="",$E8=""),0,IF(COUNTIFS(Tank_Adjustments!$B$2:$B$4998,$A8)>0,SUMIFS(Tank_Adjustments!$D$2:$D$4998,Tank_Adjustments!$B$2:$B$4998,$A8,Tank_Adjustments!$A$2:$A$4998,$E8),0)) -> 45 | G8: =IF(OR($A8="",$E8=""),0,IF(COUNTIFS(Tank_Adjustments!$B$2:$B$4998,$A8)>0,SUMIFS(Warehouse_Log!$F$2:$F$4999,Warehouse_Log!$G$2:$G$4999,$A8,Warehouse_Log!$B$2:$B$4999,"OUT",Warehouse_Log!$A$2:$A$4999,">"&$E8),SUMIFS(Warehouse_Log!$F$2:$F$4999,Warehouse_Log!$G$2:$G$4999,$A8,Warehouse_Log!$B$2:$B$4999,"OUT",Warehouse_Log!$A$2:$A$4999,">="&$E8))) -> 0 | H8: =IF(OR($A8="",$E8=""),0,SUMPRODUCT((Dosage!$A$3:$A$5000=$A8)*(((Dosage!$H$3:$H$5000*(Dosage!$H$3:$H$5000<=NOW())+NOW()*(Dosage!$H$3:$H$5000>NOW()))-(Dosage!$B$3:$B$5000*(Dosage!$B$3:$B$5000>=$E8)+$E8*(Dosage!$B$3:$B$5000<$E8)))>0)*((Dosage!$H$3:$H$5000*(Dosage!$H$3:$H$5000<=NOW())+NOW()*(Dosage!$H$3:$H$5000>NOW()))-(Dosage!$B$3:$B$5000*(Dosage!$B$3:$B$5000>=$E8)+$E8*(Dosage!$B$3:$B$5000<$E8)))*Dosage!$F$3:$F$5000)) -> 7.2175856 | I8: =IF(OR($A8="",$E8=""),"",MIN($C8,MAX(0,$F8+$G8-$H8))) -> 37.782414 | J8: =IF(OR($I8="",$C8="",$C8=0),"",$I8/$C8) -> 0.050376552 | K8: =IF(OR($I8="",$D8="",$D8=0),"",$I8/$D8) -> 6.2970691 | L8: =IF($K8="","",TODAY()+$K8) -> 46285.297 | N8: =IF($J8="","",MIN(1,$J8)) -> 0.050376552 | O8: =IF($J8="","",MAX(0,1-$J8)) -> 0.94962345
A9: =Setup!$A$99 | B9: =IF(Setup!$A$99="","",IFERROR(INDEX(Setup!$B$47:$B$89,MATCH(Setup!$A$99,Setup!$A$47:$A$89,0)),"")) | C9: =IF(Setup!$A$99="","",IFERROR(INDEX(Setup!$C$47:$C$89,MATCH(Setup!$A$99,Setup!$A$47:$A$89,0)),"")) | D9: =IF($A9="","",SUMPRODUCT((Dosage!$A$3:$A$5000=$A9)*(Dosage!$B$3:$B$5000=_xlfn.MAXIFS(Dosage!$B$3:$B$5000,Dosage!$A$3:$A$5000,$A9,Dosage!$B$3:$B$5000,"<="&NOW()))*Dosage!$F$3:$F$5000)) | E9: =IF($A9="","",IF(COUNTIFS(Tank_Adjustments!$B$2:$B$4998,$A9)>0,_xlfn.MAXIFS(Tank_Adjustments!$A$2:$A$4998,Tank_Adjustments!$B$2:$B$4998,$A9),IF(COUNTIFS(Warehouse_Log!$G$2:$G$4999,$A9,Warehouse_Log!$B$2:$B$4999,"OUT")>0,_xlfn.MINIFS(Warehouse_Log!$A$2:$A$4999,Warehouse_Log!$G$2:$G$4999,$A9,Warehouse_Log!$B$2:$B$4999,"OUT"),""))) | F9: =IF(OR($A9="",$E9=""),0,IF(COUNTIFS(Tank_Adjustments!$B$2:$B$4998,$A9)>0,SUMIFS(Tank_Adjustments!$D$2:$D$4998,Tank_Adjustments!$B$2:$B$4998,$A9,Tank_Adjustments!$A$2:$A$4998,$E9),0)) -> 0 | G9: =IF(OR($A9="",$E9=""),0,IF(COUNTIFS(Tank_Adjustments!$B$2:$B$4998,$A9)>0,SUMIFS(Warehouse_Log!$F$2:$F$4999,Warehouse_Log!$G$2:$G$4999,$A9,Warehouse_Log!$B$2:$B$4999,"OUT",Warehouse_Log!$A$2:$A$4999,">"&$E9),SUMIFS(Warehouse_Log!$F$2:$F$4999,Warehouse_Log!$G$2:$G$4999,$A9,Warehouse_Log!$B$2:$B$4999,"OUT",Warehouse_Log!$A$2:$A$4999,">="&$E9))) -> 0 | H9: =IF(OR($A9="",$E9=""),0,SUMPRODUCT((Dosage!$A$3:$A$5000=$A9)*(((Dosage!$H$3:$H$5000*(Dosage!$H$3:$H$5000<=NOW())+NOW()*(Dosage!$H$3:$H$5000>NOW()))-(Dosage!$B$3:$B$5000*(Dosage!$B$3:$B$5000>=$E9)+$E9*(Dosage!$B$3:$B$5000<$E9)))>0)*((Dosage!$H$3:$H$5000*(Dosage!$H$3:$H$5000<=NOW())+NOW()*(Dosage!$H$3:$H$5000>NOW()))-(Dosage!$B$3:$B$5000*(Dosage!$B$3:$B$5000>=$E9)+$E9*(Dosage!$B$3:$B$5000<$E9)))*Dosage!$F$3:$F$5000)) -> 0 | I9: =IF(OR($A9="",$E9=""),"",MIN($C9,MAX(0,$F9+$G9-$H9))) | J9: =IF(OR($I9="",$C9="",$C9=0),"",$I9/$C9) | K9: =IF(OR($I9="",$D9="",$D9=0),"",$I9/$D9) | L9: =IF($K9="","",TODAY()+$K9) | N9: =IF($J9="","",MIN(1,$J9)) | O9: =IF($J9="","",MAX(0,1-$J9))
A10: =Setup!$A$100 | B10: =IF(Setup!$A$100="","",IFERROR(INDEX(Setup!$B$47:$B$89,MATCH(Setup!$A$100,Setup!$A$47:$A$89,0)),"")) | C10: =IF(Setup!$A$100="","",IFERROR(INDEX(Setup!$C$47:$C$89,MATCH(Setup!$A$100,Setup!$A$47:$A$89,0)),"")) | D10: =IF($A10="","",SUMPRODUCT((Dosage!$A$3:$A$5000=$A10)*(Dosage!$B$3:$B$5000=_xlfn.MAXIFS(Dosage!$B$3:$B$5000,Dosage!$A$3:$A$5000,$A10,Dosage!$B$3:$B$5000,"<="&NOW()))*Dosage!$F$3:$F$5000)) | E10: =IF($A10="","",IF(COUNTIFS(Tank_Adjustments!$B$2:$B$4998,$A10)>0,_xlfn.MAXIFS(Tank_Adjustments!$A$2:$A$4998,Tank_Adjustments!$B$2:$B$4998,$A10),IF(COUNTIFS(Warehouse_Log!$G$2:$G$4999,$A10,Warehouse_Log!$B$2:$B$4999,"OUT")>0,_xlfn.MINIFS(Warehouse_Log!$A$2:$A$4999,Warehouse_Log!$G$2:$G$4999,$A10,Warehouse_Log!$B$2:$B$4999,"OUT"),""))) | F10: =IF(OR($A10="",$E10=""),0,IF(COUNTIFS(Tank_Adjustments!$B$2:$B$4998,$A10)>0,SUMIFS(Tank_Adjustments!$D$2:$D$4998,Tank_Adjustments!$B$2:$B$4998,$A10,Tank_Adjustments!$A$2:$A$4998,$E10),0)) -> 0 | G10: =IF(OR($A10="",$E10=""),0,IF(COUNTIFS(Tank_Adjustments!$B$2:$B$4998,$A10)>0,SUMIFS(Warehouse_Log!$F$2:$F$4999,Warehouse_Log!$G$2:$G$4999,$A10,Warehouse_Log!$B$2:$B$4999,"OUT",Warehouse_Log!$A$2:$A$4999,">"&$E10),SUMIFS(Warehouse_Log!$F$2:$F$4999,Warehouse_Log!$G$2:$G$4999,$A10,Warehouse_Log!$B$2:$B$4999,"OUT",Warehouse_Log!$A$2:$A$4999,">="&$E10))) -> 0 | H10: =IF(OR($A10="",$E10=""),0,SUMPRODUCT((Dosage!$A$3:$A$5000=$A10)*(((Dosage!$H$3:$H$5000*(Dosage!$H$3:$H$5000<=NOW())+NOW()*(Dosage!$H$3:$H$5000>NOW()))-(Dosage!$B$3:$B$5000*(Dosage!$B$3:$B$5000>=$E10)+$E10*(Dosage!$B$3:$B$5000<$E10)))>0)*((Dosage!$H$3:$H$5000*(Dosage!$H$3:$H$5000<=NOW())+NOW()*(Dosage!$H$3:$H$5000>NOW()))-(Dosage!$B$3:$B$5000*(Dosage!$B$3:$B$5000>=$E10)+$E10*(Dosage!$B$3:$B$5000<$E10)))*Dosage!$F$3:$F$5000)) -> 0 | I10: =IF(OR($A10="",$E10=""),"",MIN($C10,MAX(0,$F10+$G10-$H10))) | J10: =IF(OR($I10="",$C10="",$C10=0),"",$I10/$C10) | K10: =IF(OR($I10="",$D10="",$D10=0),"",$I10/$D10) | L10: =IF($K10="","",TODAY()+$K10) | N10: =IF($J10="","",MIN(1,$J10)) | O10: =IF($J10="","",MAX(0,1-$J10))
A11: =Setup!$A$101 | B11: =IF(Setup!$A$101="","",IFERROR(INDEX(Setup!$B$47:$B$89,MATCH(Setup!$A$101,Setup!$A$47:$A$89,0)),"")) | C11: =IF(Setup!$A$101="","",IFERROR(INDEX(Setup!$C$47:$C$89,MATCH(Setup!$A$101,Setup!$A$47:$A$89,0)),"")) | D11: =IF($A11="","",SUMPRODUCT((Dosage!$A$3:$A$5000=$A11)*(Dosage!$B$3:$B$5000=_xlfn.MAXIFS(Dosage!$B$3:$B$5000,Dosage!$A$3:$A$5000,$A11,Dosage!$B$3:$B$5000,"<="&NOW()))*Dosage!$F$3:$F$5000)) | E11: =IF($A11="","",IF(COUNTIFS(Tank_Adjustments!$B$2:$B$4998,$A11)>0,_xlfn.MAXIFS(Tank_Adjustments!$A$2:$A$4998,Tank_Adjustments!$B$2:$B$4998,$A11),IF(COUNTIFS(Warehouse_Log!$G$2:$G$4999,$A11,Warehouse_Log!$B$2:$B$4999,"OUT")>0,_xlfn.MINIFS(Warehouse_Log!$A$2:$A$4999,Warehouse_Log!$G$2:$G$4999,$A11,Warehouse_Log!$B$2:$B$4999,"OUT"),""))) | F11: =IF(OR($A11="",$E11=""),0,IF(COUNTIFS(Tank_Adjustments!$B$2:$B$4998,$A11)>0,SUMIFS(Tank_Adjustments!$D$2:$D$4998,Tank_Adjustments!$B$2:$B$4998,$A11,Tank_Adjustments!$A$2:$A$4998,$E11),0)) -> 0 | G11: =IF(OR($A11="",$E11=""),0,IF(COUNTIFS(Tank_Adjustments!$B$2:$B$4998,$A11)>0,SUMIFS(Warehouse_Log!$F$2:$F$4999,Warehouse_Log!$G$2:$G$4999,$A11,Warehouse_Log!$B$2:$B$4999,"OUT",Warehouse_Log!$A$2:$A$4999,">"&$E11),SUMIFS(Warehouse_Log!$F$2:$F$4999,Warehouse_Log!$G$2:$G$4999,$A11,Warehouse_Log!$B$2:$B$4999,"OUT",Warehouse_Log!$A$2:$A$4999,">="&$E11))) -> 0 | H11: =IF(OR($A11="",$E11=""),0,SUMPRODUCT((Dosage!$A$3:$A$5000=$A11)*(((Dosage!$H$3:$H$5000*(Dosage!$H$3:$H$5000<=NOW())+NOW()*(Dosage!$H$3:$H$5000>NOW()))-(Dosage!$B$3:$B$5000*(Dosage!$B$3:$B$5000>=$E11)+$E11*(Dosage!$B$3:$B$5000<$E11)))>0)*((Dosage!$H$3:$H$5000*(Dosage!$H$3:$H$5000<=NOW())+NOW()*(Dosage!$H$3:$H$5000>NOW()))-(Dosage!$B$3:$B$5000*(Dosage!$B$3:$B$5000>=$E11)+$E11*(Dosage!$B$3:$B$5000<$E11)))*Dosage!$F$3:$F$5000)) -> 0 | I11: =IF(OR($A11="",$E11=""),"",MIN($C11,MAX(0,$F11+$G11-$H11))) | J11: =IF(OR($I11="",$C11="",$C11=0),"",$I11/$C11) | K11: =IF(OR($I11="",$D11="",$D11=0),"",$I11/$D11) | L11: =IF($K11="","",TODAY()+$K11) | N11: =IF($J11="","",MIN(1,$J11)) | O11: =IF($J11="","",MAX(0,1-$J11))
A12: =Setup!$A$102 -> A-07 Corrosion Inhibitor Skid | B12: =IF(Setup!$A$102="","",IFERROR(INDEX(Setup!$B$47:$B$89,MATCH(Setup!$A$102,Setup!$A$47:$A$89,0)),"")) -> Corrosion Inhibitor (KI-34154) | C12: =IF(Setup!$A$102="","",IFERROR(INDEX(Setup!$C$47:$C$89,MATCH(Setup!$A$102,Setup!$A$47:$A$89,0)),"")) -> 750 | D12: =IF($A12="","",SUMPRODUCT((Dosage!$A$3:$A$5000=$A12)*(Dosage!$B$3:$B$5000=_xlfn.MAXIFS(Dosage!$B$3:$B$5000,Dosage!$A$3:$A$5000,$A12,Dosage!$B$3:$B$5000,"<="&NOW()))*Dosage!$F$3:$F$5000)) -> 10.08 | E12: =IF($A12="","",IF(COUNTIFS(Tank_Adjustments!$B$2:$B$4998,$A12)>0,_xlfn.MAXIFS(Tank_Adjustments!$A$2:$A$4998,Tank_Adjustments!$B$2:$B$4998,$A12),IF(COUNTIFS(Warehouse_Log!$G$2:$G$4999,$A12,Warehouse_Log!$B$2:$B$4999,"OUT")>0,_xlfn.MINIFS(Warehouse_Log!$A$2:$A$4999,Warehouse_Log!$G$2:$G$4999,$A12,Warehouse_Log!$B$2:$B$4999,"OUT"),""))) -> 46275.688 | F12: =IF(OR($A12="",$E12=""),0,IF(COUNTIFS(Tank_Adjustments!$B$2:$B$4998,$A12)>0,SUMIFS(Tank_Adjustments!$D$2:$D$4998,Tank_Adjustments!$B$2:$B$4998,$A12,Tank_Adjustments!$A$2:$A$4998,$E12),0)) -> 472.5 | G12: =IF(OR($A12="",$E12=""),0,IF(COUNTIFS(Tank_Adjustments!$B$2:$B$4998,$A12)>0,SUMIFS(Warehouse_Log!$F$2:$F$4999,Warehouse_Log!$G$2:$G$4999,$A12,Warehouse_Log!$B$2:$B$4999,"OUT",Warehouse_Log!$A$2:$A$4999,">"&$E12),SUMIFS(Warehouse_Log!$F$2:$F$4999,Warehouse_Log!$G$2:$G$4999,$A12,Warehouse_Log!$B$2:$B$4999,"OUT",Warehouse_Log!$A$2:$A$4999,">="&$E12))) -> 0 | H12: =IF(OR($A12="",$E12=""),0,SUMPRODUCT((Dosage!$A$3:$A$5000=$A12)*(((Dosage!$H$3:$H$5000*(Dosage!$H$3:$H$5000<=NOW())+NOW()*(Dosage!$H$3:$H$5000>NOW()))-(Dosage!$B$3:$B$5000*(Dosage!$B$3:$B$5000>=$E12)+$E12*(Dosage!$B$3:$B$5000<$E12)))>0)*((Dosage!$H$3:$H$5000*(Dosage!$H$3:$H$5000<=NOW())+NOW()*(Dosage!$H$3:$H$5000>NOW()))-(Dosage!$B$3:$B$5000*(Dosage!$B$3:$B$5000>=$E12)+$E12*(Dosage!$B$3:$B$5000<$E12)))*Dosage!$F$3:$F$5000)) -> 39.215544 | I12: =IF(OR($A12="",$E12=""),"",MIN($C12,MAX(0,$F12+$G12-$H12))) -> 433.28446 | J12: =IF(OR($I12="",$C12="",$C12=0),"",$I12/$C12) -> 0.57771261 | K12: =IF(OR($I12="",$D12="",$D12=0),"",$I12/$D12) -> 42.984569 | L12: =IF($K12="","",TODAY()+$K12) -> 46321.985 | N12: =IF($J12="","",MIN(1,$J12)) -> 0.57771261 | O12: =IF($J12="","",MAX(0,1-$J12)) -> 0.42228739
A13: =Setup!$A$103 -> A-07 Biocide Skid | B13: =IF(Setup!$A$103="","",IFERROR(INDEX(Setup!$B$47:$B$89,MATCH(Setup!$A$103,Setup!$A$47:$A$89,0)),"")) -> Biocide (MB-5207) | C13: =IF(Setup!$A$103="","",IFERROR(INDEX(Setup!$C$47:$C$89,MATCH(Setup!$A$103,Setup!$A$47:$A$89,0)),"")) -> 750 | D13: =IF($A13="","",SUMPRODUCT((Dosage!$A$3:$A$5000=$A13)*(Dosage!$B$3:$B$5000=_xlfn.MAXIFS(Dosage!$B$3:$B$5000,Dosage!$A$3:$A$5000,$A13,Dosage!$B$3:$B$5000,"<="&NOW()))*Dosage!$F$3:$F$5000)) -> 0.21428571 | E13: =IF($A13="","",IF(COUNTIFS(Tank_Adjustments!$B$2:$B$4998,$A13)>0,_xlfn.MAXIFS(Tank_Adjustments!$A$2:$A$4998,Tank_Adjustments!$B$2:$B$4998,$A13),IF(COUNTIFS(Warehouse_Log!$G$2:$G$4999,$A13,Warehouse_Log!$B$2:$B$4999,"OUT")>0,_xlfn.MINIFS(Warehouse_Log!$A$2:$A$4999,Warehouse_Log!$G$2:$G$4999,$A13,Warehouse_Log!$B$2:$B$4999,"OUT"),""))) -> 46275.688 | F13: =IF(OR($A13="",$E13=""),0,IF(COUNTIFS(Tank_Adjustments!$B$2:$B$4998,$A13)>0,SUMIFS(Tank_Adjustments!$D$2:$D$4998,Tank_Adjustments!$B$2:$B$4998,$A13,Tank_Adjustments!$A$2:$A$4998,$E13),0)) -> 150 | G13: =IF(OR($A13="",$E13=""),0,IF(COUNTIFS(Tank_Adjustments!$B$2:$B$4998,$A13)>0,SUMIFS(Warehouse_Log!$F$2:$F$4999,Warehouse_Log!$G$2:$G$4999,$A13,Warehouse_Log!$B$2:$B$4999,"OUT",Warehouse_Log!$A$2:$A$4999,">"&$E13),SUMIFS(Warehouse_Log!$F$2:$F$4999,Warehouse_Log!$G$2:$G$4999,$A13,Warehouse_Log!$B$2:$B$4999,"OUT",Warehouse_Log!$A$2:$A$4999,">="&$E13))) -> 0 | H13: =IF(OR($A13="",$E13=""),0,SUMPRODUCT((Dosage!$A$3:$A$5000=$A13)*(((Dosage!$H$3:$H$5000*(Dosage!$H$3:$H$5000<=NOW())+NOW()*(Dosage!$H$3:$H$5000>NOW()))-(Dosage!$B$3:$B$5000*(Dosage!$B$3:$B$5000>=$E13)+$E13*(Dosage!$B$3:$B$5000<$E13)))>0)*((Dosage!$H$3:$H$5000*(Dosage!$H$3:$H$5000<=NOW())+NOW()*(Dosage!$H$3:$H$5000>NOW()))-(Dosage!$B$3:$B$5000*(Dosage!$B$3:$B$5000>=$E13)+$E13*(Dosage!$B$3:$B$5000<$E13)))*Dosage!$F$3:$F$5000)) -> 0.83366377 | I13: =IF(OR($A13="",$E13=""),"",MIN($C13,MAX(0,$F13+$G13-$H13))) -> 149.16634 | J13: =IF(OR($I13="",$C13="",$C13=0),"",$I13/$C13) -> 0.19888845 | K13: =IF(OR($I13="",$D13="",$D13=0),"",$I13/$D13) -> 696.10957 | L13: =IF($K13="","",TODAY()+$K13) -> 46975.11 | N13: =IF($J13="","",MIN(1,$J13)) -> 0.19888845 | O13: =IF($J13="","",MAX(0,1-$J13)) -> 0.80111155
A14: =Setup!$A$104 -> A-131 Scale-Inhibitor Skid | B14: =IF(Setup!$A$104="","",IFERROR(INDEX(Setup!$B$47:$B$89,MATCH(Setup!$A$104,Setup!$A$47:$A$89,0)),"")) -> Scale Inhibitor (SI-44108) | C14: =IF(Setup!$A$104="","",IFERROR(INDEX(Setup!$C$47:$C$89,MATCH(Setup!$A$104,Setup!$A$47:$A$89,0)),"")) -> 750 | D14: =IF($A14="","",SUMPRODUCT((Dosage!$A$3:$A$5000=$A14)*(Dosage!$B$3:$B$5000=_xlfn.MAXIFS(Dosage!$B$3:$B$5000,Dosage!$A$3:$A$5000,$A14,Dosage!$B$3:$B$5000,"<="&NOW()))*Dosage!$F$3:$F$5000)) -> 5.04 | E14: =IF($A14="","",IF(COUNTIFS(Tank_Adjustments!$B$2:$B$4998,$A14)>0,_xlfn.MAXIFS(Tank_Adjustments!$A$2:$A$4998,Tank_Adjustments!$B$2:$B$4998,$A14),IF(COUNTIFS(Warehouse_Log!$G$2:$G$4999,$A14,Warehouse_Log!$B$2:$B$4999,"OUT")>0,_xlfn.MINIFS(Warehouse_Log!$A$2:$A$4999,Warehouse_Log!$G$2:$G$4999,$A14,Warehouse_Log!$B$2:$B$4999,"OUT"),""))) -> 46275.688 | F14: =IF(OR($A14="",$E14=""),0,IF(COUNTIFS(Tank_Adjustments!$B$2:$B$4998,$A14)>0,SUMIFS(Tank_Adjustments!$D$2:$D$4998,Tank_Adjustments!$B$2:$B$4998,$A14,Tank_Adjustments!$A$2:$A$4998,$E14),0)) -> 225 | G14: =IF(OR($A14="",$E14=""),0,IF(COUNTIFS(Tank_Adjustments!$B$2:$B$4998,$A14)>0,SUMIFS(Warehouse_Log!$F$2:$F$4999,Warehouse_Log!$G$2:$G$4999,$A14,Warehouse_Log!$B$2:$B$4999,"OUT",Warehouse_Log!$A$2:$A$4999,">"&$E14),SUMIFS(Warehouse_Log!$F$2:$F$4999,Warehouse_Log!$G$2:$G$4999,$A14,Warehouse_Log!$B$2:$B$4999,"OUT",Warehouse_Log!$A$2:$A$4999,">="&$E14))) -> 0 | H14: =IF(OR($A14="",$E14=""),0,SUMPRODUCT((Dosage!$A$3:$A$5000=$A14)*(((Dosage!$H$3:$H$5000*(Dosage!$H$3:$H$5000<=NOW())+NOW()*(Dosage!$H$3:$H$5000>NOW()))-(Dosage!$B$3:$B$5000*(Dosage!$B$3:$B$5000>=$E14)+$E14*(Dosage!$B$3:$B$5000<$E14)))>0)*((Dosage!$H$3:$H$5000*(Dosage!$H$3:$H$5000<=NOW())+NOW()*(Dosage!$H$3:$H$5000>NOW()))-(Dosage!$B$3:$B$5000*(Dosage!$B$3:$B$5000>=$E14)+$E14*(Dosage!$B$3:$B$5000<$E14)))*Dosage!$F$3:$F$5000)) -> 19.607772 | I14: =IF(OR($A14="",$E14=""),"",MIN($C14,MAX(0,$F14+$G14-$H14))) -> 205.39223 | J14: =IF(OR($I14="",$C14="",$C14=0),"",$I14/$C14) -> 0.2738563 | K14: =IF(OR($I14="",$D14="",$D14=0),"",$I14/$D14) -> 40.752426 | L14: =IF($K14="","",TODAY()+$K14) -> 46319.752 | N14: =IF($J14="","",MIN(1,$J14)) -> 0.2738563 | O14: =IF($J14="","",MAX(0,1-$J14)) -> 0.7261437
A15: =Setup!$A$105 -> A-126 Corrosion Inhibitor Skid | B15: =IF(Setup!$A$105="","",IFERROR(INDEX(Setup!$B$47:$B$89,MATCH(Setup!$A$105,Setup!$A$47:$A$89,0)),"")) -> Corrosion Inhibitor (KI-34154) | C15: =IF(Setup!$A$105="","",IFERROR(INDEX(Setup!$C$47:$C$89,MATCH(Setup!$A$105,Setup!$A$47:$A$89,0)),"")) -> 750 | D15: =IF($A15="","",SUMPRODUCT((Dosage!$A$3:$A$5000=$A15)*(Dosage!$B$3:$B$5000=_xlfn.MAXIFS(Dosage!$B$3:$B$5000,Dosage!$A$3:$A$5000,$A15,Dosage!$B$3:$B$5000,"<="&NOW()))*Dosage!$F$3:$F$5000)) -> 40.08 | E15: =IF($A15="","",IF(COUNTIFS(Tank_Adjustments!$B$2:$B$4998,$A15)>0,_xlfn.MAXIFS(Tank_Adjustments!$A$2:$A$4998,Tank_Adjustments!$B$2:$B$4998,$A15),IF(COUNTIFS(Warehouse_Log!$G$2:$G$4999,$A15,Warehouse_Log!$B$2:$B$4999,"OUT")>0,_xlfn.MINIFS(Warehouse_Log!$A$2:$A$4999,Warehouse_Log!$G$2:$G$4999,$A15,Warehouse_Log!$B$2:$B$4999,"OUT"),""))) -> 46275.688 | F15: =IF(OR($A15="",$E15=""),0,IF(COUNTIFS(Tank_Adjustments!$B$2:$B$4998,$A15)>0,SUMIFS(Tank_Adjustments!$D$2:$D$4998,Tank_Adjustments!$B$2:$B$4998,$A15,Tank_Adjustments!$A$2:$A$4998,$E15),0)) -> 90 | G15: =IF(OR($A15="",$E15=""),0,IF(COUNTIFS(Tank_Adjustments!$B$2:$B$4998,$A15)>0,SUMIFS(Warehouse_Log!$F$2:$F$4999,Warehouse_Log!$G$2:$G$4999,$A15,Warehouse_Log!$B$2:$B$4999,"OUT",Warehouse_Log!$A$2:$A$4999,">"&$E15),SUMIFS(Warehouse_Log!$F$2:$F$4999,Warehouse_Log!$G$2:$G$4999,$A15,Warehouse_Log!$B$2:$B$4999,"OUT",Warehouse_Log!$A$2:$A$4999,">="&$E15))) -> 0 | H15: =IF(OR($A15="",$E15=""),0,SUMPRODUCT((Dosage!$A$3:$A$5000=$A15)*(((Dosage!$H$3:$H$5000*(Dosage!$H$3:$H$5000<=NOW())+NOW()*(Dosage!$H$3:$H$5000>NOW()))-(Dosage!$B$3:$B$5000*(Dosage!$B$3:$B$5000>=$E15)+$E15*(Dosage!$B$3:$B$5000<$E15)))>0)*((Dosage!$H$3:$H$5000*(Dosage!$H$3:$H$5000<=NOW())+NOW()*(Dosage!$H$3:$H$5000>NOW()))-(Dosage!$B$3:$B$5000*(Dosage!$B$3:$B$5000>=$E15)+$E15*(Dosage!$B$3:$B$5000<$E15)))*Dosage!$F$3:$F$5000)) -> 155.92847 | I15: =IF(OR($A15="",$E15=""),"",MIN($C15,MAX(0,$F15+$G15-$H15))) -> 0 | J15: =IF(OR($I15="",$C15="",$C15=0),"",$I15/$C15) -> 0 | K15: =IF(OR($I15="",$D15="",$D15=0),"",$I15/$D15) -> 0 | L15: =IF($K15="","",TODAY()+$K15) -> 46279 | N15: =IF($J15="","",MIN(1,$J15)) -> 0 | O15: =IF($J15="","",MAX(0,1-$J15)) -> 1
A16: =Setup!$A$106 -> A-113 Corrosion Inhibitor Skid | B16: =IF(Setup!$A$106="","",IFERROR(INDEX(Setup!$B$47:$B$89,MATCH(Setup!$A$106,Setup!$A$47:$A$89,0)),"")) -> Corrosion Inhibitor (KI-34154) | C16: =IF(Setup!$A$106="","",IFERROR(INDEX(Setup!$C$47:$C$89,MATCH(Setup!$A$106,Setup!$A$47:$A$89,0)),"")) -> 750 | D16: =IF($A16="","",SUMPRODUCT((Dosage!$A$3:$A$5000=$A16)*(Dosage!$B$3:$B$5000=_xlfn.MAXIFS(Dosage!$B$3:$B$5000,Dosage!$A$3:$A$5000,$A16,Dosage!$B$3:$B$5000,"<="&NOW()))*Dosage!$F$3:$F$5000)) -> 22.8 | E16: =IF($A16="","",IF(COUNTIFS(Tank_Adjustments!$B$2:$B$4998,$A16)>0,_xlfn.MAXIFS(Tank_Adjustments!$A$2:$A$4998,Tank_Adjustments!$B$2:$B$4998,$A16),IF(COUNTIFS(Warehouse_Log!$G$2:$G$4999,$A16,Warehouse_Log!$B$2:$B$4999,"OUT")>0,_xlfn.MINIFS(Warehouse_Log!$A$2:$A$4999,Warehouse_Log!$G$2:$G$4999,$A16,Warehouse_Log!$B$2:$B$4999,"OUT"),""))) -> 46275.688 | F16: =IF(OR($A16="",$E16=""),0,IF(COUNTIFS(Tank_Adjustments!$B$2:$B$4998,$A16)>0,SUMIFS(Tank_Adjustments!$D$2:$D$4998,Tank_Adjustments!$B$2:$B$4998,$A16,Tank_Adjustments!$A$2:$A$4998,$E16),0)) -> 165 | G16: =IF(OR($A16="",$E16=""),0,IF(COUNTIFS(Tank_Adjustments!$B$2:$B$4998,$A16)>0,SUMIFS(Warehouse_Log!$F$2:$F$4999,Warehouse_Log!$G$2:$G$4999,$A16,Warehouse_Log!$B$2:$B$4999,"OUT",Warehouse_Log!$A$2:$A$4999,">"&$E16),SUMIFS(Warehouse_Log!$F$2:$F$4999,Warehouse_Log!$G$2:$G$4999,$A16,Warehouse_Log!$B$2:$B$4999,"OUT",Warehouse_Log!$A$2:$A$4999,">="&$E16))) -> 0 | H16: =IF(OR($A16="",$E16=""),0,SUMPRODUCT((Dosage!$A$3:$A$5000=$A16)*(((Dosage!$H$3:$H$5000*(Dosage!$H$3:$H$5000<=NOW())+NOW()*(Dosage!$H$3:$H$5000>NOW()))-(Dosage!$B$3:$B$5000*(Dosage!$B$3:$B$5000>=$E16)+$E16*(Dosage!$B$3:$B$5000<$E16)))>0)*((Dosage!$H$3:$H$5000*(Dosage!$H$3:$H$5000<=NOW())+NOW()*(Dosage!$H$3:$H$5000>NOW()))-(Dosage!$B$3:$B$5000*(Dosage!$B$3:$B$5000>=$E16)+$E16*(Dosage!$B$3:$B$5000<$E16)))*Dosage!$F$3:$F$5000)) -> 88.701825 | I16: =IF(OR($A16="",$E16=""),"",MIN($C16,MAX(0,$F16+$G16-$H16))) -> 76.298175 | J16: =IF(OR($I16="",$C16="",$C16=0),"",$I16/$C16) -> 0.1017309 | K16: =IF(OR($I16="",$D16="",$D16=0),"",$I16/$D16) -> 3.3464112 | L16: =IF($K16="","",TODAY()+$K16) -> 46282.346 | N16: =IF($J16="","",MIN(1,$J16)) -> 0.1017309 | O16: =IF($J16="","",MAX(0,1-$J16)) -> 0.8982691
A17: =Setup!$A$107 -> A-131 Corrosion Inhibitor Skid | B17: =IF(Setup!$A$107="","",IFERROR(INDEX(Setup!$B$47:$B$89,MATCH(Setup!$A$107,Setup!$A$47:$A$89,0)),"")) -> Corrosion Inhibitor (KI-34154) | C17: =IF(Setup!$A$107="","",IFERROR(INDEX(Setup!$C$47:$C$89,MATCH(Setup!$A$107,Setup!$A$47:$A$89,0)),"")) -> 750 | D17: =IF($A17="","",SUMPRODUCT((Dosage!$A$3:$A$5000=$A17)*(Dosage!$B$3:$B$5000=_xlfn.MAXIFS(Dosage!$B$3:$B$5000,Dosage!$A$3:$A$5000,$A17,Dosage!$B$3:$B$5000,"<="&NOW()))*Dosage!$F$3:$F$5000)) -> 19.99992 | E17: =IF($A17="","",IF(COUNTIFS(Tank_Adjustments!$B$2:$B$4998,$A17)>0,_xlfn.MAXIFS(Tank_Adjustments!$A$2:$A$4998,Tank_Adjustments!$B$2:$B$4998,$A17),IF(COUNTIFS(Warehouse_Log!$G$2:$G$4999,$A17,Warehouse_Log!$B$2:$B$4999,"OUT")>0,_xlfn.MINIFS(Warehouse_Log!$A$2:$A$4999,Warehouse_Log!$G$2:$G$4999,$A17,Warehouse_Log!$B$2:$B$4999,"OUT"),""))) -> 46275.688 | F17: =IF(OR($A17="",$E17=""),0,IF(COUNTIFS(Tank_Adjustments!$B$2:$B$4998,$A17)>0,SUMIFS(Tank_Adjustments!$D$2:$D$4998,Tank_Adjustments!$B$2:$B$4998,$A17,Tank_Adjustments!$A$2:$A$4998,$E17),0)) -> 337.5 | G17: =IF(OR($A17="",$E17=""),0,IF(COUNTIFS(Tank_Adjustments!$B$2:$B$4998,$A17)>0,SUMIFS(Warehouse_Log!$F$2:$F$4999,Warehouse_Log!$G$2:$G$4999,$A17,Warehouse_Log!$B$2:$B$4999,"OUT",Warehouse_Log!$A$2:$A$4999,">"&$E17),SUMIFS(Warehouse_Log!$F$2:$F$4999,Warehouse_Log!$G$2:$G$4999,$A17,Warehouse_Log!$B$2:$B$4999,"OUT",Warehouse_Log!$A$2:$A$4999,">="&$E17))) -> 0 | H17: =IF(OR($A17="",$E17=""),0,SUMPRODUCT((Dosage!$A$3:$A$5000=$A17)*(((Dosage!$H$3:$H$5000*(Dosage!$H$3:$H$5000<=NOW())+NOW()*(Dosage!$H$3:$H$5000>NOW()))-(Dosage!$B$3:$B$5000*(Dosage!$B$3:$B$5000>=$E17)+$E17*(Dosage!$B$3:$B$5000<$E17)))>0)*((Dosage!$H$3:$H$5000*(Dosage!$H$3:$H$5000<=NOW())+NOW()*(Dosage!$H$3:$H$5000>NOW()))-(Dosage!$B$3:$B$5000*(Dosage!$B$3:$B$5000>=$E17)+$E17*(Dosage!$B$3:$B$5000<$E17)))*Dosage!$F$3:$F$5000)) -> 77.808308 | I17: =IF(OR($A17="",$E17=""),"",MIN($C17,MAX(0,$F17+$G17-$H17))) -> 259.69169 | J17: =IF(OR($I17="",$C17="",$C17=0),"",$I17/$C17) -> 0.34625559 | K17: =IF(OR($I17="",$D17="",$D17=0),"",$I17/$D17) -> 12.984637 | L17: =IF($K17="","",TODAY()+$K17) -> 46291.985 | N17: =IF($J17="","",MIN(1,$J17)) -> 0.34625559 | O17: =IF($J17="","",MAX(0,1-$J17)) -> 0.65374441
A18: =Setup!$A$108 -> A-138 Corrosion Inhibitor Skid | B18: =IF(Setup!$A$108="","",IFERROR(INDEX(Setup!$B$47:$B$89,MATCH(Setup!$A$108,Setup!$A$47:$A$89,0)),"")) -> Corrosion Inhibitor (KI-34154) | C18: =IF(Setup!$A$108="","",IFERROR(INDEX(Setup!$C$47:$C$89,MATCH(Setup!$A$108,Setup!$A$47:$A$89,0)),"")) -> 750 | D18: =IF($A18="","",SUMPRODUCT((Dosage!$A$3:$A$5000=$A18)*(Dosage!$B$3:$B$5000=_xlfn.MAXIFS(Dosage!$B$3:$B$5000,Dosage!$A$3:$A$5000,$A18,Dosage!$B$3:$B$5000,"<="&NOW()))*Dosage!$F$3:$F$5000)) -> 16.000008 | E18: =IF($A18="","",IF(COUNTIFS(Tank_Adjustments!$B$2:$B$4998,$A18)>0,_xlfn.MAXIFS(Tank_Adjustments!$A$2:$A$4998,Tank_Adjustments!$B$2:$B$4998,$A18),IF(COUNTIFS(Warehouse_Log!$G$2:$G$4999,$A18,Warehouse_Log!$B$2:$B$4999,"OUT")>0,_xlfn.MINIFS(Warehouse_Log!$A$2:$A$4999,Warehouse_Log!$G$2:$G$4999,$A18,Warehouse_Log!$B$2:$B$4999,"OUT"),""))) -> 46275.688 | F18: =IF(OR($A18="",$E18=""),0,IF(COUNTIFS(Tank_Adjustments!$B$2:$B$4998,$A18)>0,SUMIFS(Tank_Adjustments!$D$2:$D$4998,Tank_Adjustments!$B$2:$B$4998,$A18,Tank_Adjustments!$A$2:$A$4998,$E18),0)) -> 300 | G18: =IF(OR($A18="",$E18=""),0,IF(COUNTIFS(Tank_Adjustments!$B$2:$B$4998,$A18)>0,SUMIFS(Warehouse_Log!$F$2:$F$4999,Warehouse_Log!$G$2:$G$4999,$A18,Warehouse_Log!$B$2:$B$4999,"OUT",Warehouse_Log!$A$2:$A$4999,">"&$E18),SUMIFS(Warehouse_Log!$F$2:$F$4999,Warehouse_Log!$G$2:$G$4999,$A18,Warehouse_Log!$B$2:$B$4999,"OUT",Warehouse_Log!$A$2:$A$4999,">="&$E18))) -> 0 | H18: =IF(OR($A18="",$E18=""),0,SUMPRODUCT((Dosage!$A$3:$A$5000=$A18)*(((Dosage!$H$3:$H$5000*(Dosage!$H$3:$H$5000<=NOW())+NOW()*(Dosage!$H$3:$H$5000>NOW()))-(Dosage!$B$3:$B$5000*(Dosage!$B$3:$B$5000>=$E18)+$E18*(Dosage!$B$3:$B$5000<$E18)))>0)*((Dosage!$H$3:$H$5000*(Dosage!$H$3:$H$5000<=NOW())+NOW()*(Dosage!$H$3:$H$5000>NOW()))-(Dosage!$B$3:$B$5000*(Dosage!$B$3:$B$5000>=$E18)+$E18*(Dosage!$B$3:$B$5000<$E18)))*Dosage!$F$3:$F$5000)) -> 62.246926 | I18: =IF(OR($A18="",$E18=""),"",MIN($C18,MAX(0,$F18+$G18-$H18))) -> 237.75307 | J18: =IF(OR($I18="",$C18="",$C18=0),"",$I18/$C18) -> 0.3170041 | K18: =IF(OR($I18="",$D18="",$D18=0),"",$I18/$D18) -> 14.85956 | L18: =IF($K18="","",TODAY()+$K18) -> 46293.86 | N18: =IF($J18="","",MIN(1,$J18)) -> 0.3170041 | O18: =IF($J18="","",MAX(0,1-$J18)) -> 0.6829959
A19: =Setup!$A$109 -> A-133 Biocide Skid | B19: =IF(Setup!$A$109="","",IFERROR(INDEX(Setup!$B$47:$B$89,MATCH(Setup!$A$109,Setup!$A$47:$A$89,0)),"")) -> Biocide (MB-5207) | C19: =IF(Setup!$A$109="","",IFERROR(INDEX(Setup!$C$47:$C$89,MATCH(Setup!$A$109,Setup!$A$47:$A$89,0)),"")) -> 750 | D19: =IF($A19="","",SUMPRODUCT((Dosage!$A$3:$A$5000=$A19)*(Dosage!$B$3:$B$5000=_xlfn.MAXIFS(Dosage!$B$3:$B$5000,Dosage!$A$3:$A$5000,$A19,Dosage!$B$3:$B$5000,"<="&NOW()))*Dosage!$F$3:$F$5000)) -> 4.1428571 | E19: =IF($A19="","",IF(COUNTIFS(Tank_Adjustments!$B$2:$B$4998,$A19)>0,_xlfn.MAXIFS(Tank_Adjustments!$A$2:$A$4998,Tank_Adjustments!$B$2:$B$4998,$A19),IF(COUNTIFS(Warehouse_Log!$G$2:$G$4999,$A19,Warehouse_Log!$B$2:$B$4999,"OUT")>0,_xlfn.MINIFS(Warehouse_Log!$A$2:$A$4999,Warehouse_Log!$G$2:$G$4999,$A19,Warehouse_Log!$B$2:$B$4999,"OUT"),""))) -> 46275.688 | F19: =IF(OR($A19="",$E19=""),0,IF(COUNTIFS(Tank_Adjustments!$B$2:$B$4998,$A19)>0,SUMIFS(Tank_Adjustments!$D$2:$D$4998,Tank_Adjustments!$B$2:$B$4998,$A19,Tank_Adjustments!$A$2:$A$4998,$E19),0)) -> 22.5 | G19: =IF(OR($A19="",$E19=""),0,IF(COUNTIFS(Tank_Adjustments!$B$2:$B$4998,$A19)>0,SUMIFS(Warehouse_Log!$F$2:$F$4999,Warehouse_Log!$G$2:$G$4999,$A19,Warehouse_Log!$B$2:$B$4999,"OUT",Warehouse_Log!$A$2:$A$4999,">"&$E19),SUMIFS(Warehouse_Log!$F$2:$F$4999,Warehouse_Log!$G$2:$G$4999,$A19,Warehouse_Log!$B$2:$B$4999,"OUT",Warehouse_Log!$A$2:$A$4999,">="&$E19))) -> 0 | H19: =IF(OR($A19="",$E19=""),0,SUMPRODUCT((Dosage!$A$3:$A$5000=$A19)*(((Dosage!$H$3:$H$5000*(Dosage!$H$3:$H$5000<=NOW())+NOW()*(Dosage!$H$3:$H$5000>NOW()))-(Dosage!$B$3:$B$5000*(Dosage!$B$3:$B$5000>=$E19)+$E19*(Dosage!$B$3:$B$5000<$E19)))>0)*((Dosage!$H$3:$H$5000*(Dosage!$H$3:$H$5000<=NOW())+NOW()*(Dosage!$H$3:$H$5000>NOW()))-(Dosage!$B$3:$B$5000*(Dosage!$B$3:$B$5000>=$E19)+$E19*(Dosage!$B$3:$B$5000<$E19)))*Dosage!$F$3:$F$5000)) -> 16.1175 | I19: =IF(OR($A19="",$E19=""),"",MIN($C19,MAX(0,$F19+$G19-$H19))) -> 6.3825004 | J19: =IF(OR($I19="",$C19="",$C19=0),"",$I19/$C19) -> 0.0085100005 | K19: =IF(OR($I19="",$D19="",$D19=0),"",$I19/$D19) -> 1.5406035 | L19: =IF($K19="","",TODAY()+$K19) -> 46280.541 | N19: =IF($J19="","",MIN(1,$J19)) -> 0.0085100005 | O19: =IF($J19="","",MAX(0,1-$J19)) -> 0.99149
A20: =Setup!$A$110 -> A-145 Biocide Skid | B20: =IF(Setup!$A$110="","",IFERROR(INDEX(Setup!$B$47:$B$89,MATCH(Setup!$A$110,Setup!$A$47:$A$89,0)),"")) -> Biocide (MB-5207) | C20: =IF(Setup!$A$110="","",IFERROR(INDEX(Setup!$C$47:$C$89,MATCH(Setup!$A$110,Setup!$A$47:$A$89,0)),"")) -> 750 | D20: =IF($A20="","",SUMPRODUCT((Dosage!$A$3:$A$5000=$A20)*(Dosage!$B$3:$B$5000=_xlfn.MAXIFS(Dosage!$B$3:$B$5000,Dosage!$A$3:$A$5000,$A20,Dosage!$B$3:$B$5000,"<="&NOW()))*Dosage!$F$3:$F$5000)) -> 0.78571429 | E20: =IF($A20="","",IF(COUNTIFS(Tank_Adjustments!$B$2:$B$4998,$A20)>0,_xlfn.MAXIFS(Tank_Adjustments!$A$2:$A$4998,Tank_Adjustments!$B$2:$B$4998,$A20),IF(COUNTIFS(Warehouse_Log!$G$2:$G$4999,$A20,Warehouse_Log!$B$2:$B$4999,"OUT")>0,_xlfn.MINIFS(Warehouse_Log!$A$2:$A$4999,Warehouse_Log!$G$2:$G$4999,$A20,Warehouse_Log!$B$2:$B$4999,"OUT"),""))) -> 46275.688 | F20: =IF(OR($A20="",$E20=""),0,IF(COUNTIFS(Tank_Adjustments!$B$2:$B$4998,$A20)>0,SUMIFS(Tank_Adjustments!$D$2:$D$4998,Tank_Adjustments!$B$2:$B$4998,$A20,Tank_Adjustments!$A$2:$A$4998,$E20),0)) -> 112.5 | G20: =IF(OR($A20="",$E20=""),0,IF(COUNTIFS(Tank_Adjustments!$B$2:$B$4998,$A20)>0,SUMIFS(Warehouse_Log!$F$2:$F$4999,Warehouse_Log!$G$2:$G$4999,$A20,Warehouse_Log!$B$2:$B$4999,"OUT",Warehouse_Log!$A$2:$A$4999,">"&$E20),SUMIFS(Warehouse_Log!$F$2:$F$4999,Warehouse_Log!$G$2:$G$4999,$A20,Warehouse_Log!$B$2:$B$4999,"OUT",Warehouse_Log!$A$2:$A$4999,">="&$E20))) -> 0 | H20: =IF(OR($A20="",$E20=""),0,SUMPRODUCT((Dosage!$A$3:$A$5000=$A20)*(((Dosage!$H$3:$H$5000*(Dosage!$H$3:$H$5000<=NOW())+NOW()*(Dosage!$H$3:$H$5000>NOW()))-(Dosage!$B$3:$B$5000*(Dosage!$B$3:$B$5000>=$E20)+$E20*(Dosage!$B$3:$B$5000<$E20)))>0)*((Dosage!$H$3:$H$5000*(Dosage!$H$3:$H$5000<=NOW())+NOW()*(Dosage!$H$3:$H$5000>NOW()))-(Dosage!$B$3:$B$5000*(Dosage!$B$3:$B$5000>=$E20)+$E20*(Dosage!$B$3:$B$5000<$E20)))*Dosage!$F$3:$F$5000)) -> 3.0567672 | I20: =IF(OR($A20="",$E20=""),"",MIN($C20,MAX(0,$F20+$G20-$H20))) -> 109.44323 | J20: =IF(OR($I20="",$C20="",$C20=0),"",$I20/$C20) -> 0.14592431 | K20: =IF(OR($I20="",$D20="",$D20=0),"",$I20/$D20) -> 139.29139 | L20: =IF($K20="","",TODAY()+$K20) -> 46418.291 | N20: =IF($J20="","",MIN(1,$J20)) -> 0.14592431 | O20: =IF($J20="","",MAX(0,1-$J20)) -> 0.85407569
A21: =Setup!$A$111 -> A-127 Biocide Skid | B21: =IF(Setup!$A$111="","",IFERROR(INDEX(Setup!$B$47:$B$89,MATCH(Setup!$A$111,Setup!$A$47:$A$89,0)),"")) -> Biocide (MB-5207) | C21: =IF(Setup!$A$111="","",IFERROR(INDEX(Setup!$C$47:$C$89,MATCH(Setup!$A$111,Setup!$A$47:$A$89,0)),"")) -> 750 | D21: =IF($A21="","",SUMPRODUCT((Dosage!$A$3:$A$5000=$A21)*(Dosage!$B$3:$B$5000=_xlfn.MAXIFS(Dosage!$B$3:$B$5000,Dosage!$A$3:$A$5000,$A21,Dosage!$B$3:$B$5000,"<="&NOW()))*Dosage!$F$3:$F$5000)) -> 0.57142857 | E21: =IF($A21="","",IF(COUNTIFS(Tank_Adjustments!$B$2:$B$4998,$A21)>0,_xlfn.MAXIFS(Tank_Adjustments!$A$2:$A$4998,Tank_Adjustments!$B$2:$B$4998,$A21),IF(COUNTIFS(Warehouse_Log!$G$2:$G$4999,$A21,Warehouse_Log!$B$2:$B$4999,"OUT")>0,_xlfn.MINIFS(Warehouse_Log!$A$2:$A$4999,Warehouse_Log!$G$2:$G$4999,$A21,Warehouse_Log!$B$2:$B$4999,"OUT"),""))) -> 46275.688 | F21: =IF(OR($A21="",$E21=""),0,IF(COUNTIFS(Tank_Adjustments!$B$2:$B$4998,$A21)>0,SUMIFS(Tank_Adjustments!$D$2:$D$4998,Tank_Adjustments!$B$2:$B$4998,$A21,Tank_Adjustments!$A$2:$A$4998,$E21),0)) -> 60 | G21: =IF(OR($A21="",$E21=""),0,IF(COUNTIFS(Tank_Adjustments!$B$2:$B$4998,$A21)>0,SUMIFS(Warehouse_Log!$F$2:$F$4999,Warehouse_Log!$G$2:$G$4999,$A21,Warehouse_Log!$B$2:$B$4999,"OUT",Warehouse_Log!$A$2:$A$4999,">"&$E21),SUMIFS(Warehouse_Log!$F$2:$F$4999,Warehouse_Log!$G$2:$G$4999,$A21,Warehouse_Log!$B$2:$B$4999,"OUT",Warehouse_Log!$A$2:$A$4999,">="&$E21))) -> 0 | H21: =IF(OR($A21="",$E21=""),0,SUMPRODUCT((Dosage!$A$3:$A$5000=$A21)*(((Dosage!$H$3:$H$5000*(Dosage!$H$3:$H$5000<=NOW())+NOW()*(Dosage!$H$3:$H$5000>NOW()))-(Dosage!$B$3:$B$5000*(Dosage!$B$3:$B$5000>=$E21)+$E21*(Dosage!$B$3:$B$5000<$E21)))>0)*((Dosage!$H$3:$H$5000*(Dosage!$H$3:$H$5000<=NOW())+NOW()*(Dosage!$H$3:$H$5000>NOW()))-(Dosage!$B$3:$B$5000*(Dosage!$B$3:$B$5000>=$E21)+$E21*(Dosage!$B$3:$B$5000<$E21)))*Dosage!$F$3:$F$5000)) -> 2.2231034 | I21: =IF(OR($A21="",$E21=""),"",MIN($C21,MAX(0,$F21+$G21-$H21))) -> 57.776897 | J21: =IF(OR($I21="",$C21="",$C21=0),"",$I21/$C21) -> 0.077035862 | K21: =IF(OR($I21="",$D21="",$D21=0),"",$I21/$D21) -> 101.10957 | L21: =IF($K21="","",TODAY()+$K21) -> 46380.11 | N21: =IF($J21="","",MIN(1,$J21)) -> 0.077035862 | O21: =IF($J21="","",MAX(0,1-$J21)) -> 0.92296414
A22: =Setup!$A$112 -> A-130 Biocide Skid | B22: =IF(Setup!$A$112="","",IFERROR(INDEX(Setup!$B$47:$B$89,MATCH(Setup!$A$112,Setup!$A$47:$A$89,0)),"")) -> Biocide (MB-5207) | C22: =IF(Setup!$A$112="","",IFERROR(INDEX(Setup!$C$47:$C$89,MATCH(Setup!$A$112,Setup!$A$47:$A$89,0)),"")) -> 750 | D22: =IF($A22="","",SUMPRODUCT((Dosage!$A$3:$A$5000=$A22)*(Dosage!$B$3:$B$5000=_xlfn.MAXIFS(Dosage!$B$3:$B$5000,Dosage!$A$3:$A$5000,$A22,Dosage!$B$3:$B$5000,"<="&NOW()))*Dosage!$F$3:$F$5000)) -> 2.2142857 | E22: =IF($A22="","",IF(COUNTIFS(Tank_Adjustments!$B$2:$B$4998,$A22)>0,_xlfn.MAXIFS(Tank_Adjustments!$A$2:$A$4998,Tank_Adjustments!$B$2:$B$4998,$A22),IF(COUNTIFS(Warehouse_Log!$G$2:$G$4999,$A22,Warehouse_Log!$B$2:$B$4999,"OUT")>0,_xlfn.MINIFS(Warehouse_Log!$A$2:$A$4999,Warehouse_Log!$G$2:$G$4999,$A22,Warehouse_Log!$B$2:$B$4999,"OUT"),""))) -> 46275.688 | F22: =IF(OR($A22="",$E22=""),0,IF(COUNTIFS(Tank_Adjustments!$B$2:$B$4998,$A22)>0,SUMIFS(Tank_Adjustments!$D$2:$D$4998,Tank_Adjustments!$B$2:$B$4998,$A22,Tank_Adjustments!$A$2:$A$4998,$E22),0)) -> 45 | G22: =IF(OR($A22="",$E22=""),0,IF(COUNTIFS(Tank_Adjustments!$B$2:$B$4998,$A22)>0,SUMIFS(Warehouse_Log!$F$2:$F$4999,Warehouse_Log!$G$2:$G$4999,$A22,Warehouse_Log!$B$2:$B$4999,"OUT",Warehouse_Log!$A$2:$A$4999,">"&$E22),SUMIFS(Warehouse_Log!$F$2:$F$4999,Warehouse_Log!$G$2:$G$4999,$A22,Warehouse_Log!$B$2:$B$4999,"OUT",Warehouse_Log!$A$2:$A$4999,">="&$E22))) -> 0 | H22: =IF(OR($A22="",$E22=""),0,SUMPRODUCT((Dosage!$A$3:$A$5000=$A22)*(((Dosage!$H$3:$H$5000*(Dosage!$H$3:$H$5000<=NOW())+NOW()*(Dosage!$H$3:$H$5000>NOW()))-(Dosage!$B$3:$B$5000*(Dosage!$B$3:$B$5000>=$E22)+$E22*(Dosage!$B$3:$B$5000<$E22)))>0)*((Dosage!$H$3:$H$5000*(Dosage!$H$3:$H$5000<=NOW())+NOW()*(Dosage!$H$3:$H$5000>NOW()))-(Dosage!$B$3:$B$5000*(Dosage!$B$3:$B$5000>=$E22)+$E22*(Dosage!$B$3:$B$5000<$E22)))*Dosage!$F$3:$F$5000)) -> 8.6145257 | I22: =IF(OR($A22="",$E22=""),"",MIN($C22,MAX(0,$F22+$G22-$H22))) -> 36.385474 | J22: =IF(OR($I22="",$C22="",$C22=0),"",$I22/$C22) -> 0.048513966 | K22: =IF(OR($I22="",$D22="",$D22=0),"",$I22/$D22) -> 16.43215 | L22: =IF($K22="","",TODAY()+$K22) -> 46295.432 | N22: =IF($J22="","",MIN(1,$J22)) -> 0.048513966 | O22: =IF($J22="","",MAX(0,1-$J22)) -> 0.95148603
A23: =Setup!$A$113 | B23: =IF(Setup!$A$113="","",IFERROR(INDEX(Setup!$B$47:$B$89,MATCH(Setup!$A$113,Setup!$A$47:$A$89,0)),"")) | C23: =IF(Setup!$A$113="","",IFERROR(INDEX(Setup!$C$47:$C$89,MATCH(Setup!$A$113,Setup!$A$47:$A$89,0)),"")) | D23: =IF($A23="","",SUMPRODUCT((Dosage!$A$3:$A$5000=$A23)*(Dosage!$B$3:$B$5000=_xlfn.MAXIFS(Dosage!$B$3:$B$5000,Dosage!$A$3:$A$5000,$A23,Dosage!$B$3:$B$5000,"<="&NOW()))*Dosage!$F$3:$F$5000)) | E23: =IF($A23="","",IF(COUNTIFS(Tank_Adjustments!$B$2:$B$4998,$A23)>0,_xlfn.MAXIFS(Tank_Adjustments!$A$2:$A$4998,Tank_Adjustments!$B$2:$B$4998,$A23),IF(COUNTIFS(Warehouse_Log!$G$2:$G$4999,$A23,Warehouse_Log!$B$2:$B$4999,"OUT")>0,_xlfn.MINIFS(Warehouse_Log!$A$2:$A$4999,Warehouse_Log!$G$2:$G$4999,$A23,Warehouse_Log!$B$2:$B$4999,"OUT"),""))) | F23: =IF(OR($A23="",$E23=""),0,IF(COUNTIFS(Tank_Adjustments!$B$2:$B$4998,$A23)>0,SUMIFS(Tank_Adjustments!$D$2:$D$4998,Tank_Adjustments!$B$2:$B$4998,$A23,Tank_Adjustments!$A$2:$A$4998,$E23),0)) -> 0 | G23: =IF(OR($A23="",$E23=""),0,IF(COUNTIFS(Tank_Adjustments!$B$2:$B$4998,$A23)>0,SUMIFS(Warehouse_Log!$F$2:$F$4999,Warehouse_Log!$G$2:$G$4999,$A23,Warehouse_Log!$B$2:$B$4999,"OUT",Warehouse_Log!$A$2:$A$4999,">"&$E23),SUMIFS(Warehouse_Log!$F$2:$F$4999,Warehouse_Log!$G$2:$G$4999,$A23,Warehouse_Log!$B$2:$B$4999,"OUT",Warehouse_Log!$A$2:$A$4999,">="&$E23))) -> 0 | H23: =IF(OR($A23="",$E23=""),0,SUMPRODUCT((Dosage!$A$3:$A$5000=$A23)*(((Dosage!$H$3:$H$5000*(Dosage!$H$3:$H$5000<=NOW())+NOW()*(Dosage!$H$3:$H$5000>NOW()))-(Dosage!$B$3:$B$5000*(Dosage!$B$3:$B$5000>=$E23)+$E23*(Dosage!$B$3:$B$5000<$E23)))>0)*((Dosage!$H$3:$H$5000*(Dosage!$H$3:$H$5000<=NOW())+NOW()*(Dosage!$H$3:$H$5000>NOW()))-(Dosage!$B$3:$B$5000*(Dosage!$B$3:$B$5000>=$E23)+$E23*(Dosage!$B$3:$B$5000<$E23)))*Dosage!$F$3:$F$5000)) -> 0 | I23: =IF(OR($A23="",$E23=""),"",MIN($C23,MAX(0,$F23+$G23-$H23))) | J23: =IF(OR($I23="",$C23="",$C23=0),"",$I23/$C23) | K23: =IF(OR($I23="",$D23="",$D23=0),"",$I23/$D23) | L23: =IF($K23="","",TODAY()+$K23) | N23: =IF($J23="","",MIN(1,$J23)) | O23: =IF($J23="","",MAX(0,1-$J23))
A24: =Setup!$A$114 | B24: =IF(Setup!$A$114="","",IFERROR(INDEX(Setup!$B$47:$B$89,MATCH(Setup!$A$114,Setup!$A$47:$A$89,0)),"")) | C24: =IF(Setup!$A$114="","",IFERROR(INDEX(Setup!$C$47:$C$89,MATCH(Setup!$A$114,Setup!$A$47:$A$89,0)),"")) | D24: =IF($A24="","",SUMPRODUCT((Dosage!$A$3:$A$5000=$A24)*(Dosage!$B$3:$B$5000=_xlfn.MAXIFS(Dosage!$B$3:$B$5000,Dosage!$A$3:$A$5000,$A24,Dosage!$B$3:$B$5000,"<="&NOW()))*Dosage!$F$3:$F$5000)) | E24: =IF($A24="","",IF(COUNTIFS(Tank_Adjustments!$B$2:$B$4998,$A24)>0,_xlfn.MAXIFS(Tank_Adjustments!$A$2:$A$4998,Tank_Adjustments!$B$2:$B$4998,$A24),IF(COUNTIFS(Warehouse_Log!$G$2:$G$4999,$A24,Warehouse_Log!$B$2:$B$4999,"OUT")>0,_xlfn.MINIFS(Warehouse_Log!$A$2:$A$4999,Warehouse_Log!$G$2:$G$4999,$A24,Warehouse_Log!$B$2:$B$4999,"OUT"),""))) | F24: =IF(OR($A24="",$E24=""),0,IF(COUNTIFS(Tank_Adjustments!$B$2:$B$4998,$A24)>0,SUMIFS(Tank_Adjustments!$D$2:$D$4998,Tank_Adjustments!$B$2:$B$4998,$A24,Tank_Adjustments!$A$2:$A$4998,$E24),0)) -> 0 | G24: =IF(OR($A24="",$E24=""),0,IF(COUNTIFS(Tank_Adjustments!$B$2:$B$4998,$A24)>0,SUMIFS(Warehouse_Log!$F$2:$F$4999,Warehouse_Log!$G$2:$G$4999,$A24,Warehouse_Log!$B$2:$B$4999,"OUT",Warehouse_Log!$A$2:$A$4999,">"&$E24),SUMIFS(Warehouse_Log!$F$2:$F$4999,Warehouse_Log!$G$2:$G$4999,$A24,Warehouse_Log!$B$2:$B$4999,"OUT",Warehouse_Log!$A$2:$A$4999,">="&$E24))) -> 0 | H24: =IF(OR($A24="",$E24=""),0,SUMPRODUCT((Dosage!$A$3:$A$5000=$A24)*(((Dosage!$H$3:$H$5000*(Dosage!$H$3:$H$5000<=NOW())+NOW()*(Dosage!$H$3:$H$5000>NOW()))-(Dosage!$B$3:$B$5000*(Dosage!$B$3:$B$5000>=$E24)+$E24*(Dosage!$B$3:$B$5000<$E24)))>0)*((Dosage!$H$3:$H$5000*(Dosage!$H$3:$H$5000<=NOW())+NOW()*(Dosage!$H$3:$H$5000>NOW()))-(Dosage!$B$3:$B$5000*(Dosage!$B$3:$B$5000>=$E24)+$E24*(Dosage!$B$3:$B$5000<$E24)))*Dosage!$F$3:$F$5000)) -> 0 | I24: =IF(OR($A24="",$E24=""),"",MIN($C24,MAX(0,$F24+$G24-$H24))) | J24: =IF(OR($I24="",$C24="",$C24=0),"",$I24/$C24) | K24: =IF(OR($I24="",$D24="",$D24=0),"",$I24/$D24) | L24: =IF($K24="","",TODAY()+$K24) | N24: =IF($J24="","",MIN(1,$J24)) | O24: =IF($J24="","",MAX(0,1-$J24))
A25: =Setup!$A$115 | B25: =IF(Setup!$A$115="","",IFERROR(INDEX(Setup!$B$47:$B$89,MATCH(Setup!$A$115,Setup!$A$47:$A$89,0)),"")) | C25: =IF(Setup!$A$115="","",IFERROR(INDEX(Setup!$C$47:$C$89,MATCH(Setup!$A$115,Setup!$A$47:$A$89,0)),"")) | D25: =IF($A25="","",SUMPRODUCT((Dosage!$A$3:$A$5000=$A25)*(Dosage!$B$3:$B$5000=_xlfn.MAXIFS(Dosage!$B$3:$B$5000,Dosage!$A$3:$A$5000,$A25,Dosage!$B$3:$B$5000,"<="&NOW()))*Dosage!$F$3:$F$5000)) | E25: =IF($A25="","",IF(COUNTIFS(Tank_Adjustments!$B$2:$B$4998,$A25)>0,_xlfn.MAXIFS(Tank_Adjustments!$A$2:$A$4998,Tank_Adjustments!$B$2:$B$4998,$A25),IF(COUNTIFS(Warehouse_Log!$G$2:$G$4999,$A25,Warehouse_Log!$B$2:$B$4999,"OUT")>0,_xlfn.MINIFS(Warehouse_Log!$A$2:$A$4999,Warehouse_Log!$G$2:$G$4999,$A25,Warehouse_Log!$B$2:$B$4999,"OUT"),""))) | F25: =IF(OR($A25="",$E25=""),0,IF(COUNTIFS(Tank_Adjustments!$B$2:$B$4998,$A25)>0,SUMIFS(Tank_Adjustments!$D$2:$D$4998,Tank_Adjustments!$B$2:$B$4998,$A25,Tank_Adjustments!$A$2:$A$4998,$E25),0)) -> 0 | G25: =IF(OR($A25="",$E25=""),0,IF(COUNTIFS(Tank_Adjustments!$B$2:$B$4998,$A25)>0,SUMIFS(Warehouse_Log!$F$2:$F$4999,Warehouse_Log!$G$2:$G$4999,$A25,Warehouse_Log!$B$2:$B$4999,"OUT",Warehouse_Log!$A$2:$A$4999,">"&$E25),SUMIFS(Warehouse_Log!$F$2:$F$4999,Warehouse_Log!$G$2:$G$4999,$A25,Warehouse_Log!$B$2:$B$4999,"OUT",Warehouse_Log!$A$2:$A$4999,">="&$E25))) -> 0 | H25: =IF(OR($A25="",$E25=""),0,SUMPRODUCT((Dosage!$A$3:$A$5000=$A25)*(((Dosage!$H$3:$H$5000*(Dosage!$H$3:$H$5000<=NOW())+NOW()*(Dosage!$H$3:$H$5000>NOW()))-(Dosage!$B$3:$B$5000*(Dosage!$B$3:$B$5000>=$E25)+$E25*(Dosage!$B$3:$B$5000<$E25)))>0)*((Dosage!$H$3:$H$5000*(Dosage!$H$3:$H$5000<=NOW())+NOW()*(Dosage!$H$3:$H$5000>NOW()))-(Dosage!$B$3:$B$5000*(Dosage!$B$3:$B$5000>=$E25)+$E25*(Dosage!$B$3:$B$5000<$E25)))*Dosage!$F$3:$F$5000)) -> 0 | I25: =IF(OR($A25="",$E25=""),"",MIN($C25,MAX(0,$F25+$G25-$H25))) | J25: =IF(OR($I25="",$C25="",$C25=0),"",$I25/$C25) | K25: =IF(OR($I25="",$D25="",$D25=0),"",$I25/$D25) | L25: =IF($K25="","",TODAY()+$K25) | N25: =IF($J25="","",MIN(1,$J25)) | O25: =IF($J25="","",MAX(0,1-$J25))
A26: =Setup!$A$116 | B26: =IF(Setup!$A$116="","",IFERROR(INDEX(Setup!$B$47:$B$89,MATCH(Setup!$A$116,Setup!$A$47:$A$89,0)),"")) | C26: =IF(Setup!$A$116="","",IFERROR(INDEX(Setup!$C$47:$C$89,MATCH(Setup!$A$116,Setup!$A$47:$A$89,0)),"")) | D26: =IF($A26="","",SUMPRODUCT((Dosage!$A$3:$A$5000=$A26)*(Dosage!$B$3:$B$5000=_xlfn.MAXIFS(Dosage!$B$3:$B$5000,Dosage!$A$3:$A$5000,$A26,Dosage!$B$3:$B$5000,"<="&NOW()))*Dosage!$F$3:$F$5000)) | E26: =IF($A26="","",IF(COUNTIFS(Tank_Adjustments!$B$2:$B$4998,$A26)>0,_xlfn.MAXIFS(Tank_Adjustments!$A$2:$A$4998,Tank_Adjustments!$B$2:$B$4998,$A26),IF(COUNTIFS(Warehouse_Log!$G$2:$G$4999,$A26,Warehouse_Log!$B$2:$B$4999,"OUT")>0,_xlfn.MINIFS(Warehouse_Log!$A$2:$A$4999,Warehouse_Log!$G$2:$G$4999,$A26,Warehouse_Log!$B$2:$B$4999,"OUT"),""))) | F26: =IF(OR($A26="",$E26=""),0,IF(COUNTIFS(Tank_Adjustments!$B$2:$B$4998,$A26)>0,SUMIFS(Tank_Adjustments!$D$2:$D$4998,Tank_Adjustments!$B$2:$B$4998,$A26,Tank_Adjustments!$A$2:$A$4998,$E26),0)) -> 0 | G26: =IF(OR($A26="",$E26=""),0,IF(COUNTIFS(Tank_Adjustments!$B$2:$B$4998,$A26)>0,SUMIFS(Warehouse_Log!$F$2:$F$4999,Warehouse_Log!$G$2:$G$4999,$A26,Warehouse_Log!$B$2:$B$4999,"OUT",Warehouse_Log!$A$2:$A$4999,">"&$E26),SUMIFS(Warehouse_Log!$F$2:$F$4999,Warehouse_Log!$G$2:$G$4999,$A26,Warehouse_Log!$B$2:$B$4999,"OUT",Warehouse_Log!$A$2:$A$4999,">="&$E26))) -> 0 | H26: =IF(OR($A26="",$E26=""),0,SUMPRODUCT((Dosage!$A$3:$A$5000=$A26)*(((Dosage!$H$3:$H$5000*(Dosage!$H$3:$H$5000<=NOW())+NOW()*(Dosage!$H$3:$H$5000>NOW()))-(Dosage!$B$3:$B$5000*(Dosage!$B$3:$B$5000>=$E26)+$E26*(Dosage!$B$3:$B$5000<$E26)))>0)*((Dosage!$H$3:$H$5000*(Dosage!$H$3:$H$5000<=NOW())+NOW()*(Dosage!$H$3:$H$5000>NOW()))-(Dosage!$B$3:$B$5000*(Dosage!$B$3:$B$5000>=$E26)+$E26*(Dosage!$B$3:$B$5000<$E26)))*Dosage!$F$3:$F$5000)) -> 0 | I26: =IF(OR($A26="",$E26=""),"",MIN($C26,MAX(0,$F26+$G26-$H26))) | J26: =IF(OR($I26="",$C26="",$C26=0),"",$I26/$C26) | K26: =IF(OR($I26="",$D26="",$D26=0),"",$I26/$D26) | L26: =IF($K26="","",TODAY()+$K26) | N26: =IF($J26="","",MIN(1,$J26)) | O26: =IF($J26="","",MAX(0,1-$J26))
A27: =Setup!$A$117 | B27: =IF(Setup!$A$117="","",IFERROR(INDEX(Setup!$B$47:$B$89,MATCH(Setup!$A$117,Setup!$A$47:$A$89,0)),"")) | C27: =IF(Setup!$A$117="","",IFERROR(INDEX(Setup!$C$47:$C$89,MATCH(Setup!$A$117,Setup!$A$47:$A$89,0)),"")) | D27: =IF($A27="","",SUMPRODUCT((Dosage!$A$3:$A$5000=$A27)*(Dosage!$B$3:$B$5000=_xlfn.MAXIFS(Dosage!$B$3:$B$5000,Dosage!$A$3:$A$5000,$A27,Dosage!$B$3:$B$5000,"<="&NOW()))*Dosage!$F$3:$F$5000)) | E27: =IF($A27="","",IF(COUNTIFS(Tank_Adjustments!$B$2:$B$4998,$A27)>0,_xlfn.MAXIFS(Tank_Adjustments!$A$2:$A$4998,Tank_Adjustments!$B$2:$B$4998,$A27),IF(COUNTIFS(Warehouse_Log!$G$2:$G$4999,$A27,Warehouse_Log!$B$2:$B$4999,"OUT")>0,_xlfn.MINIFS(Warehouse_Log!$A$2:$A$4999,Warehouse_Log!$G$2:$G$4999,$A27,Warehouse_Log!$B$2:$B$4999,"OUT"),""))) | F27: =IF(OR($A27="",$E27=""),0,IF(COUNTIFS(Tank_Adjustments!$B$2:$B$4998,$A27)>0,SUMIFS(Tank_Adjustments!$D$2:$D$4998,Tank_Adjustments!$B$2:$B$4998,$A27,Tank_Adjustments!$A$2:$A$4998,$E27),0)) -> 0 | G27: =IF(OR($A27="",$E27=""),0,IF(COUNTIFS(Tank_Adjustments!$B$2:$B$4998,$A27)>0,SUMIFS(Warehouse_Log!$F$2:$F$4999,Warehouse_Log!$G$2:$G$4999,$A27,Warehouse_Log!$B$2:$B$4999,"OUT",Warehouse_Log!$A$2:$A$4999,">"&$E27),SUMIFS(Warehouse_Log!$F$2:$F$4999,Warehouse_Log!$G$2:$G$4999,$A27,Warehouse_Log!$B$2:$B$4999,"OUT",Warehouse_Log!$A$2:$A$4999,">="&$E27))) -> 0 | H27: =IF(OR($A27="",$E27=""),0,SUMPRODUCT((Dosage!$A$3:$A$5000=$A27)*(((Dosage!$H$3:$H$5000*(Dosage!$H$3:$H$5000<=NOW())+NOW()*(Dosage!$H$3:$H$5000>NOW()))-(Dosage!$B$3:$B$5000*(Dosage!$B$3:$B$5000>=$E27)+$E27*(Dosage!$B$3:$B$5000<$E27)))>0)*((Dosage!$H$3:$H$5000*(Dosage!$H$3:$H$5000<=NOW())+NOW()*(Dosage!$H$3:$H$5000>NOW()))-(Dosage!$B$3:$B$5000*(Dosage!$B$3:$B$5000>=$E27)+$E27*(Dosage!$B$3:$B$5000<$E27)))*Dosage!$F$3:$F$5000)) -> 0 | I27: =IF(OR($A27="",$E27=""),"",MIN($C27,MAX(0,$F27+$G27-$H27))) | J27: =IF(OR($I27="",$C27="",$C27=0),"",$I27/$C27) | K27: =IF(OR($I27="",$D27="",$D27=0),"",$I27/$D27) | L27: =IF($K27="","",TODAY()+$K27) | N27: =IF($J27="","",MIN(1,$J27)) | O27: =IF($J27="","",MAX(0,1-$J27))
A28: =Setup!$A$118 | B28: =IF(Setup!$A$118="","",IFERROR(INDEX(Setup!$B$47:$B$89,MATCH(Setup!$A$118,Setup!$A$47:$A$89,0)),"")) | C28: =IF(Setup!$A$118="","",IFERROR(INDEX(Setup!$C$47:$C$89,MATCH(Setup!$A$118,Setup!$A$47:$A$89,0)),"")) | D28: =IF($A28="","",SUMPRODUCT((Dosage!$A$3:$A$5000=$A28)*(Dosage!$B$3:$B$5000=_xlfn.MAXIFS(Dosage!$B$3:$B$5000,Dosage!$A$3:$A$5000,$A28,Dosage!$B$3:$B$5000,"<="&NOW()))*Dosage!$F$3:$F$5000)) | E28: =IF($A28="","",IF(COUNTIFS(Tank_Adjustments!$B$2:$B$4998,$A28)>0,_xlfn.MAXIFS(Tank_Adjustments!$A$2:$A$4998,Tank_Adjustments!$B$2:$B$4998,$A28),IF(COUNTIFS(Warehouse_Log!$G$2:$G$4999,$A28,Warehouse_Log!$B$2:$B$4999,"OUT")>0,_xlfn.MINIFS(Warehouse_Log!$A$2:$A$4999,Warehouse_Log!$G$2:$G$4999,$A28,Warehouse_Log!$B$2:$B$4999,"OUT"),""))) | F28: =IF(OR($A28="",$E28=""),0,IF(COUNTIFS(Tank_Adjustments!$B$2:$B$4998,$A28)>0,SUMIFS(Tank_Adjustments!$D$2:$D$4998,Tank_Adjustments!$B$2:$B$4998,$A28,Tank_Adjustments!$A$2:$A$4998,$E28),0)) -> 0 | G28: =IF(OR($A28="",$E28=""),0,IF(COUNTIFS(Tank_Adjustments!$B$2:$B$4998,$A28)>0,SUMIFS(Warehouse_Log!$F$2:$F$4999,Warehouse_Log!$G$2:$G$4999,$A28,Warehouse_Log!$B$2:$B$4999,"OUT",Warehouse_Log!$A$2:$A$4999,">"&$E28),SUMIFS(Warehouse_Log!$F$2:$F$4999,Warehouse_Log!$G$2:$G$4999,$A28,Warehouse_Log!$B$2:$B$4999,"OUT",Warehouse_Log!$A$2:$A$4999,">="&$E28))) -> 0 | H28: =IF(OR($A28="",$E28=""),0,SUMPRODUCT((Dosage!$A$3:$A$5000=$A28)*(((Dosage!$H$3:$H$5000*(Dosage!$H$3:$H$5000<=NOW())+NOW()*(Dosage!$H$3:$H$5000>NOW()))-(Dosage!$B$3:$B$5000*(Dosage!$B$3:$B$5000>=$E28)+$E28*(Dosage!$B$3:$B$5000<$E28)))>0)*((Dosage!$H$3:$H$5000*(Dosage!$H$3:$H$5000<=NOW())+NOW()*(Dosage!$H$3:$H$5000>NOW()))-(Dosage!$B$3:$B$5000*(Dosage!$B$3:$B$5000>=$E28)+$E28*(Dosage!$B$3:$B$5000<$E28)))*Dosage!$F$3:$F$5000)) -> 0 | I28: =IF(OR($A28="",$E28=""),"",MIN($C28,MAX(0,$F28+$G28-$H28))) | J28: =IF(OR($I28="",$C28="",$C28=0),"",$I28/$C28) | K28: =IF(OR($I28="",$D28="",$D28=0),"",$I28/$D28) | L28: =IF($K28="","",TODAY()+$K28) | N28: =IF($J28="","",MIN(1,$J28)) | O28: =IF($J28="","",MAX(0,1-$J28))
A29: =Setup!$A$119 | B29: =IF(Setup!$A$119="","",IFERROR(INDEX(Setup!$B$47:$B$89,MATCH(Setup!$A$119,Setup!$A$47:$A$89,0)),"")) | C29: =IF(Setup!$A$119="","",IFERROR(INDEX(Setup!$C$47:$C$89,MATCH(Setup!$A$119,Setup!$A$47:$A$89,0)),"")) | D29: =IF($A29="","",SUMPRODUCT((Dosage!$A$3:$A$5000=$A29)*(Dosage!$B$3:$B$5000=_xlfn.MAXIFS(Dosage!$B$3:$B$5000,Dosage!$A$3:$A$5000,$A29,Dosage!$B$3:$B$5000,"<="&NOW()))*Dosage!$F$3:$F$5000)) | E29: =IF($A29="","",IF(COUNTIFS(Tank_Adjustments!$B$2:$B$4998,$A29)>0,_xlfn.MAXIFS(Tank_Adjustments!$A$2:$A$4998,Tank_Adjustments!$B$2:$B$4998,$A29),IF(COUNTIFS(Warehouse_Log!$G$2:$G$4999,$A29,Warehouse_Log!$B$2:$B$4999,"OUT")>0,_xlfn.MINIFS(Warehouse_Log!$A$2:$A$4999,Warehouse_Log!$G$2:$G$4999,$A29,Warehouse_Log!$B$2:$B$4999,"OUT"),""))) | F29: =IF(OR($A29="",$E29=""),0,IF(COUNTIFS(Tank_Adjustments!$B$2:$B$4998,$A29)>0,SUMIFS(Tank_Adjustments!$D$2:$D$4998,Tank_Adjustments!$B$2:$B$4998,$A29,Tank_Adjustments!$A$2:$A$4998,$E29),0)) -> 0 | G29: =IF(OR($A29="",$E29=""),0,IF(COUNTIFS(Tank_Adjustments!$B$2:$B$4998,$A29)>0,SUMIFS(Warehouse_Log!$F$2:$F$4999,Warehouse_Log!$G$2:$G$4999,$A29,Warehouse_Log!$B$2:$B$4999,"OUT",Warehouse_Log!$A$2:$A$4999,">"&$E29),SUMIFS(Warehouse_Log!$F$2:$F$4999,Warehouse_Log!$G$2:$G$4999,$A29,Warehouse_Log!$B$2:$B$4999,"OUT",Warehouse_Log!$A$2:$A$4999,">="&$E29))) -> 0 | H29: =IF(OR($A29="",$E29=""),0,SUMPRODUCT((Dosage!$A$3:$A$5000=$A29)*(((Dosage!$H$3:$H$5000*(Dosage!$H$3:$H$5000<=NOW())+NOW()*(Dosage!$H$3:$H$5000>NOW()))-(Dosage!$B$3:$B$5000*(Dosage!$B$3:$B$5000>=$E29)+$E29*(Dosage!$B$3:$B$5000<$E29)))>0)*((Dosage!$H$3:$H$5000*(Dosage!$H$3:$H$5000<=NOW())+NOW()*(Dosage!$H$3:$H$5000>NOW()))-(Dosage!$B$3:$B$5000*(Dosage!$B$3:$B$5000>=$E29)+$E29*(Dosage!$B$3:$B$5000<$E29)))*Dosage!$F$3:$F$5000)) -> 0 | I29: =IF(OR($A29="",$E29=""),"",MIN($C29,MAX(0,$F29+$G29-$H29))) | J29: =IF(OR($I29="",$C29="",$C29=0),"",$I29/$C29) | K29: =IF(OR($I29="",$D29="",$D29=0),"",$I29/$D29) | L29: =IF($K29="","",TODAY()+$K29) | N29: =IF($J29="","",MIN(1,$J29)) | O29: =IF($J29="","",MAX(0,1-$J29))
A30: =Setup!$A$120 | B30: =IF(Setup!$A$120="","",IFERROR(INDEX(Setup!$B$47:$B$89,MATCH(Setup!$A$120,Setup!$A$47:$A$89,0)),"")) | C30: =IF(Setup!$A$120="","",IFERROR(INDEX(Setup!$C$47:$C$89,MATCH(Setup!$A$120,Setup!$A$47:$A$89,0)),"")) | D30: =IF($A30="","",SUMPRODUCT((Dosage!$A$3:$A$5000=$A30)*(Dosage!$B$3:$B$5000=_xlfn.MAXIFS(Dosage!$B$3:$B$5000,Dosage!$A$3:$A$5000,$A30,Dosage!$B$3:$B$5000,"<="&NOW()))*Dosage!$F$3:$F$5000)) | E30: =IF($A30="","",IF(COUNTIFS(Tank_Adjustments!$B$2:$B$4998,$A30)>0,_xlfn.MAXIFS(Tank_Adjustments!$A$2:$A$4998,Tank_Adjustments!$B$2:$B$4998,$A30),IF(COUNTIFS(Warehouse_Log!$G$2:$G$4999,$A30,Warehouse_Log!$B$2:$B$4999,"OUT")>0,_xlfn.MINIFS(Warehouse_Log!$A$2:$A$4999,Warehouse_Log!$G$2:$G$4999,$A30,Warehouse_Log!$B$2:$B$4999,"OUT"),""))) | F30: =IF(OR($A30="",$E30=""),0,IF(COUNTIFS(Tank_Adjustments!$B$2:$B$4998,$A30)>0,SUMIFS(Tank_Adjustments!$D$2:$D$4998,Tank_Adjustments!$B$2:$B$4998,$A30,Tank_Adjustments!$A$2:$A$4998,$E30),0)) -> 0 | G30: =IF(OR($A30="",$E30=""),0,IF(COUNTIFS(Tank_Adjustments!$B$2:$B$4998,$A30)>0,SUMIFS(Warehouse_Log!$F$2:$F$4999,Warehouse_Log!$G$2:$G$4999,$A30,Warehouse_Log!$B$2:$B$4999,"OUT",Warehouse_Log!$A$2:$A$4999,">"&$E30),SUMIFS(Warehouse_Log!$F$2:$F$4999,Warehouse_Log!$G$2:$G$4999,$A30,Warehouse_Log!$B$2:$B$4999,"OUT",Warehouse_Log!$A$2:$A$4999,">="&$E30))) -> 0 | H30: =IF(OR($A30="",$E30=""),0,SUMPRODUCT((Dosage!$A$3:$A$5000=$A30)*(((Dosage!$H$3:$H$5000*(Dosage!$H$3:$H$5000<=NOW())+NOW()*(Dosage!$H$3:$H$5000>NOW()))-(Dosage!$B$3:$B$5000*(Dosage!$B$3:$B$5000>=$E30)+$E30*(Dosage!$B$3:$B$5000<$E30)))>0)*((Dosage!$H$3:$H$5000*(Dosage!$H$3:$H$5000<=NOW())+NOW()*(Dosage!$H$3:$H$5000>NOW()))-(Dosage!$B$3:$B$5000*(Dosage!$B$3:$B$5000>=$E30)+$E30*(Dosage!$B$3:$B$5000<$E30)))*Dosage!$F$3:$F$5000)) -> 0 | I30: =IF(OR($A30="",$E30=""),"",MIN($C30,MAX(0,$F30+$G30-$H30))) | J30: =IF(OR($I30="",$C30="",$C30=0),"",$I30/$C30) | K30: =IF(OR($I30="",$D30="",$D30=0),"",$I30/$D30) | L30: =IF($K30="","",TODAY()+$K30) | N30: =IF($J30="","",MIN(1,$J30)) | O30: =IF($J30="","",MAX(0,1-$J30))
A31: =Setup!$A$121 | B31: =IF(Setup!$A$121="","",IFERROR(INDEX(Setup!$B$47:$B$89,MATCH(Setup!$A$121,Setup!$A$47:$A$89,0)),"")) | C31: =IF(Setup!$A$121="","",IFERROR(INDEX(Setup!$C$47:$C$89,MATCH(Setup!$A$121,Setup!$A$47:$A$89,0)),"")) | D31: =IF($A31="","",SUMPRODUCT((Dosage!$A$3:$A$5000=$A31)*(Dosage!$B$3:$B$5000=_xlfn.MAXIFS(Dosage!$B$3:$B$5000,Dosage!$A$3:$A$5000,$A31,Dosage!$B$3:$B$5000,"<="&NOW()))*Dosage!$F$3:$F$5000)) | E31: =IF($A31="","",IF(COUNTIFS(Tank_Adjustments!$B$2:$B$4998,$A31)>0,_xlfn.MAXIFS(Tank_Adjustments!$A$2:$A$4998,Tank_Adjustments!$B$2:$B$4998,$A31),IF(COUNTIFS(Warehouse_Log!$G$2:$G$4999,$A31,Warehouse_Log!$B$2:$B$4999,"OUT")>0,_xlfn.MINIFS(Warehouse_Log!$A$2:$A$4999,Warehouse_Log!$G$2:$G$4999,$A31,Warehouse_Log!$B$2:$B$4999,"OUT"),""))) | F31: =IF(OR($A31="",$E31=""),0,IF(COUNTIFS(Tank_Adjustments!$B$2:$B$4998,$A31)>0,SUMIFS(Tank_Adjustments!$D$2:$D$4998,Tank_Adjustments!$B$2:$B$4998,$A31,Tank_Adjustments!$A$2:$A$4998,$E31),0)) -> 0 | G31: =IF(OR($A31="",$E31=""),0,IF(COUNTIFS(Tank_Adjustments!$B$2:$B$4998,$A31)>0,SUMIFS(Warehouse_Log!$F$2:$F$4999,Warehouse_Log!$G$2:$G$4999,$A31,Warehouse_Log!$B$2:$B$4999,"OUT",Warehouse_Log!$A$2:$A$4999,">"&$E31),SUMIFS(Warehouse_Log!$F$2:$F$4999,Warehouse_Log!$G$2:$G$4999,$A31,Warehouse_Log!$B$2:$B$4999,"OUT",Warehouse_Log!$A$2:$A$4999,">="&$E31))) -> 0 | H31: =IF(OR($A31="",$E31=""),0,SUMPRODUCT((Dosage!$A$3:$A$5000=$A31)*(((Dosage!$H$3:$H$5000*(Dosage!$H$3:$H$5000<=NOW())+NOW()*(Dosage!$H$3:$H$5000>NOW()))-(Dosage!$B$3:$B$5000*(Dosage!$B$3:$B$5000>=$E31)+$E31*(Dosage!$B$3:$B$5000<$E31)))>0)*((Dosage!$H$3:$H$5000*(Dosage!$H$3:$H$5000<=NOW())+NOW()*(Dosage!$H$3:$H$5000>NOW()))-(Dosage!$B$3:$B$5000*(Dosage!$B$3:$B$5000>=$E31)+$E31*(Dosage!$B$3:$B$5000<$E31)))*Dosage!$F$3:$F$5000)) -> 0 | I31: =IF(OR($A31="",$E31=""),"",MIN($C31,MAX(0,$F31+$G31-$H31))) | J31: =IF(OR($I31="",$C31="",$C31=0),"",$I31/$C31) | K31: =IF(OR($I31="",$D31="",$D31=0),"",$I31/$D31) | L31: =IF($K31="","",TODAY()+$K31) | N31: =IF($J31="","",MIN(1,$J31)) | O31: =IF($J31="","",MAX(0,1-$J31))
A32: =Setup!$A$122 | B32: =IF(Setup!$A$122="","",IFERROR(INDEX(Setup!$B$47:$B$89,MATCH(Setup!$A$122,Setup!$A$47:$A$89,0)),"")) | C32: =IF(Setup!$A$122="","",IFERROR(INDEX(Setup!$C$47:$C$89,MATCH(Setup!$A$122,Setup!$A$47:$A$89,0)),"")) | D32: =IF($A32="","",SUMPRODUCT((Dosage!$A$3:$A$5000=$A32)*(Dosage!$B$3:$B$5000=_xlfn.MAXIFS(Dosage!$B$3:$B$5000,Dosage!$A$3:$A$5000,$A32,Dosage!$B$3:$B$5000,"<="&NOW()))*Dosage!$F$3:$F$5000)) | E32: =IF($A32="","",IF(COUNTIFS(Tank_Adjustments!$B$2:$B$4998,$A32)>0,_xlfn.MAXIFS(Tank_Adjustments!$A$2:$A$4998,Tank_Adjustments!$B$2:$B$4998,$A32),IF(COUNTIFS(Warehouse_Log!$G$2:$G$4999,$A32,Warehouse_Log!$B$2:$B$4999,"OUT")>0,_xlfn.MINIFS(Warehouse_Log!$A$2:$A$4999,Warehouse_Log!$G$2:$G$4999,$A32,Warehouse_Log!$B$2:$B$4999,"OUT"),""))) | F32: =IF(OR($A32="",$E32=""),0,IF(COUNTIFS(Tank_Adjustments!$B$2:$B$4998,$A32)>0,SUMIFS(Tank_Adjustments!$D$2:$D$4998,Tank_Adjustments!$B$2:$B$4998,$A32,Tank_Adjustments!$A$2:$A$4998,$E32),0)) -> 0 | G32: =IF(OR($A32="",$E32=""),0,IF(COUNTIFS(Tank_Adjustments!$B$2:$B$4998,$A32)>0,SUMIFS(Warehouse_Log!$F$2:$F$4999,Warehouse_Log!$G$2:$G$4999,$A32,Warehouse_Log!$B$2:$B$4999,"OUT",Warehouse_Log!$A$2:$A$4999,">"&$E32),SUMIFS(Warehouse_Log!$F$2:$F$4999,Warehouse_Log!$G$2:$G$4999,$A32,Warehouse_Log!$B$2:$B$4999,"OUT",Warehouse_Log!$A$2:$A$4999,">="&$E32))) -> 0 | H32: =IF(OR($A32="",$E32=""),0,SUMPRODUCT((Dosage!$A$3:$A$5000=$A32)*(((Dosage!$H$3:$H$5000*(Dosage!$H$3:$H$5000<=NOW())+NOW()*(Dosage!$H$3:$H$5000>NOW()))-(Dosage!$B$3:$B$5000*(Dosage!$B$3:$B$5000>=$E32)+$E32*(Dosage!$B$3:$B$5000<$E32)))>0)*((Dosage!$H$3:$H$5000*(Dosage!$H$3:$H$5000<=NOW())+NOW()*(Dosage!$H$3:$H$5000>NOW()))-(Dosage!$B$3:$B$5000*(Dosage!$B$3:$B$5000>=$E32)+$E32*(Dosage!$B$3:$B$5000<$E32)))*Dosage!$F$3:$F$5000)) -> 0 | I32: =IF(OR($A32="",$E32=""),"",MIN($C32,MAX(0,$F32+$G32-$H32))) | J32: =IF(OR($I32="",$C32="",$C32=0),"",$I32/$C32) | K32: =IF(OR($I32="",$D32="",$D32=0),"",$I32/$D32) | L32: =IF($K32="","",TODAY()+$K32) | N32: =IF($J32="","",MIN(1,$J32)) | O32: =IF($J32="","",MAX(0,1-$J32))
A33: =Setup!$A$123 | B33: =IF(Setup!$A$123="","",IFERROR(INDEX(Setup!$B$47:$B$89,MATCH(Setup!$A$123,Setup!$A$47:$A$89,0)),"")) | C33: =IF(Setup!$A$123="","",IFERROR(INDEX(Setup!$C$47:$C$89,MATCH(Setup!$A$123,Setup!$A$47:$A$89,0)),"")) | D33: =IF($A33="","",SUMPRODUCT((Dosage!$A$3:$A$5000=$A33)*(Dosage!$B$3:$B$5000=_xlfn.MAXIFS(Dosage!$B$3:$B$5000,Dosage!$A$3:$A$5000,$A33,Dosage!$B$3:$B$5000,"<="&NOW()))*Dosage!$F$3:$F$5000)) | E33: =IF($A33="","",IF(COUNTIFS(Tank_Adjustments!$B$2:$B$4998,$A33)>0,_xlfn.MAXIFS(Tank_Adjustments!$A$2:$A$4998,Tank_Adjustments!$B$2:$B$4998,$A33),IF(COUNTIFS(Warehouse_Log!$G$2:$G$4999,$A33,Warehouse_Log!$B$2:$B$4999,"OUT")>0,_xlfn.MINIFS(Warehouse_Log!$A$2:$A$4999,Warehouse_Log!$G$2:$G$4999,$A33,Warehouse_Log!$B$2:$B$4999,"OUT"),""))) | F33: =IF(OR($A33="",$E33=""),0,IF(COUNTIFS(Tank_Adjustments!$B$2:$B$4998,$A33)>0,SUMIFS(Tank_Adjustments!$D$2:$D$4998,Tank_Adjustments!$B$2:$B$4998,$A33,Tank_Adjustments!$A$2:$A$4998,$E33),0)) -> 0 | G33: =IF(OR($A33="",$E33=""),0,IF(COUNTIFS(Tank_Adjustments!$B$2:$B$4998,$A33)>0,SUMIFS(Warehouse_Log!$F$2:$F$4999,Warehouse_Log!$G$2:$G$4999,$A33,Warehouse_Log!$B$2:$B$4999,"OUT",Warehouse_Log!$A$2:$A$4999,">"&$E33),SUMIFS(Warehouse_Log!$F$2:$F$4999,Warehouse_Log!$G$2:$G$4999,$A33,Warehouse_Log!$B$2:$B$4999,"OUT",Warehouse_Log!$A$2:$A$4999,">="&$E33))) -> 0 | H33: =IF(OR($A33="",$E33=""),0,SUMPRODUCT((Dosage!$A$3:$A$5000=$A33)*(((Dosage!$H$3:$H$5000*(Dosage!$H$3:$H$5000<=NOW())+NOW()*(Dosage!$H$3:$H$5000>NOW()))-(Dosage!$B$3:$B$5000*(Dosage!$B$3:$B$5000>=$E33)+$E33*(Dosage!$B$3:$B$5000<$E33)))>0)*((Dosage!$H$3:$H$5000*(Dosage!$H$3:$H$5000<=NOW())+NOW()*(Dosage!$H$3:$H$5000>NOW()))-(Dosage!$B$3:$B$5000*(Dosage!$B$3:$B$5000>=$E33)+$E33*(Dosage!$B$3:$B$5000<$E33)))*Dosage!$F$3:$F$5000)) -> 0 | I33: =IF(OR($A33="",$E33=""),"",MIN($C33,MAX(0,$F33+$G33-$H33))) | J33: =IF(OR($I33="",$C33="",$C33=0),"",$I33/$C33) | K33: =IF(OR($I33="",$D33="",$D33=0),"",$I33/$D33) | L33: =IF($K33="","",TODAY()+$K33) | N33: =IF($J33="","",MIN(1,$J33)) | O33: =IF($J33="","",MAX(0,1-$J33))
A34: =Setup!$A$124 | B34: =IF(Setup!$A$124="","",IFERROR(INDEX(Setup!$B$47:$B$89,MATCH(Setup!$A$124,Setup!$A$47:$A$89,0)),"")) | C34: =IF(Setup!$A$124="","",IFERROR(INDEX(Setup!$C$47:$C$89,MATCH(Setup!$A$124,Setup!$A$47:$A$89,0)),"")) | D34: =IF($A34="","",SUMPRODUCT((Dosage!$A$3:$A$5000=$A34)*(Dosage!$B$3:$B$5000=_xlfn.MAXIFS(Dosage!$B$3:$B$5000,Dosage!$A$3:$A$5000,$A34,Dosage!$B$3:$B$5000,"<="&NOW()))*Dosage!$F$3:$F$5000)) | E34: =IF($A34="","",IF(COUNTIFS(Tank_Adjustments!$B$2:$B$4998,$A34)>0,_xlfn.MAXIFS(Tank_Adjustments!$A$2:$A$4998,Tank_Adjustments!$B$2:$B$4998,$A34),IF(COUNTIFS(Warehouse_Log!$G$2:$G$4999,$A34,Warehouse_Log!$B$2:$B$4999,"OUT")>0,_xlfn.MINIFS(Warehouse_Log!$A$2:$A$4999,Warehouse_Log!$G$2:$G$4999,$A34,Warehouse_Log!$B$2:$B$4999,"OUT"),""))) | F34: =IF(OR($A34="",$E34=""),0,IF(COUNTIFS(Tank_Adjustments!$B$2:$B$4998,$A34)>0,SUMIFS(Tank_Adjustments!$D$2:$D$4998,Tank_Adjustments!$B$2:$B$4998,$A34,Tank_Adjustments!$A$2:$A$4998,$E34),0)) -> 0 | G34: =IF(OR($A34="",$E34=""),0,IF(COUNTIFS(Tank_Adjustments!$B$2:$B$4998,$A34)>0,SUMIFS(Warehouse_Log!$F$2:$F$4999,Warehouse_Log!$G$2:$G$4999,$A34,Warehouse_Log!$B$2:$B$4999,"OUT",Warehouse_Log!$A$2:$A$4999,">"&$E34),SUMIFS(Warehouse_Log!$F$2:$F$4999,Warehouse_Log!$G$2:$G$4999,$A34,Warehouse_Log!$B$2:$B$4999,"OUT",Warehouse_Log!$A$2:$A$4999,">="&$E34))) -> 0 | H34: =IF(OR($A34="",$E34=""),0,SUMPRODUCT((Dosage!$A$3:$A$5000=$A34)*(((Dosage!$H$3:$H$5000*(Dosage!$H$3:$H$5000<=NOW())+NOW()*(Dosage!$H$3:$H$5000>NOW()))-(Dosage!$B$3:$B$5000*(Dosage!$B$3:$B$5000>=$E34)+$E34*(Dosage!$B$3:$B$5000<$E34)))>0)*((Dosage!$H$3:$H$5000*(Dosage!$H$3:$H$5000<=NOW())+NOW()*(Dosage!$H$3:$H$5000>NOW()))-(Dosage!$B$3:$B$5000*(Dosage!$B$3:$B$5000>=$E34)+$E34*(Dosage!$B$3:$B$5000<$E34)))*Dosage!$F$3:$F$5000)) -> 0 | I34: =IF(OR($A34="",$E34=""),"",MIN($C34,MAX(0,$F34+$G34-$H34))) | J34: =IF(OR($I34="",$C34="",$C34=0),"",$I34/$C34) | K34: =IF(OR($I34="",$D34="",$D34=0),"",$I34/$D34) | L34: =IF($K34="","",TODAY()+$K34) | N34: =IF($J34="","",MIN(1,$J34)) | O34: =IF($J34="","",MAX(0,1-$J34))
A35: =Setup!$A$125 | B35: =IF(Setup!$A$125="","",IFERROR(INDEX(Setup!$B$47:$B$89,MATCH(Setup!$A$125,Setup!$A$47:$A$89,0)),"")) | C35: =IF(Setup!$A$125="","",IFERROR(INDEX(Setup!$C$47:$C$89,MATCH(Setup!$A$125,Setup!$A$47:$A$89,0)),"")) | D35: =IF($A35="","",SUMPRODUCT((Dosage!$A$3:$A$5000=$A35)*(Dosage!$B$3:$B$5000=_xlfn.MAXIFS(Dosage!$B$3:$B$5000,Dosage!$A$3:$A$5000,$A35,Dosage!$B$3:$B$5000,"<="&NOW()))*Dosage!$F$3:$F$5000)) | E35: =IF($A35="","",IF(COUNTIFS(Tank_Adjustments!$B$2:$B$4998,$A35)>0,_xlfn.MAXIFS(Tank_Adjustments!$A$2:$A$4998,Tank_Adjustments!$B$2:$B$4998,$A35),IF(COUNTIFS(Warehouse_Log!$G$2:$G$4999,$A35,Warehouse_Log!$B$2:$B$4999,"OUT")>0,_xlfn.MINIFS(Warehouse_Log!$A$2:$A$4999,Warehouse_Log!$G$2:$G$4999,$A35,Warehouse_Log!$B$2:$B$4999,"OUT"),""))) | F35: =IF(OR($A35="",$E35=""),0,IF(COUNTIFS(Tank_Adjustments!$B$2:$B$4998,$A35)>0,SUMIFS(Tank_Adjustments!$D$2:$D$4998,Tank_Adjustments!$B$2:$B$4998,$A35,Tank_Adjustments!$A$2:$A$4998,$E35),0)) -> 0 | G35: =IF(OR($A35="",$E35=""),0,IF(COUNTIFS(Tank_Adjustments!$B$2:$B$4998,$A35)>0,SUMIFS(Warehouse_Log!$F$2:$F$4999,Warehouse_Log!$G$2:$G$4999,$A35,Warehouse_Log!$B$2:$B$4999,"OUT",Warehouse_Log!$A$2:$A$4999,">"&$E35),SUMIFS(Warehouse_Log!$F$2:$F$4999,Warehouse_Log!$G$2:$G$4999,$A35,Warehouse_Log!$B$2:$B$4999,"OUT",Warehouse_Log!$A$2:$A$4999,">="&$E35))) -> 0 | H35: =IF(OR($A35="",$E35=""),0,SUMPRODUCT((Dosage!$A$3:$A$5000=$A35)*(((Dosage!$H$3:$H$5000*(Dosage!$H$3:$H$5000<=NOW())+NOW()*(Dosage!$H$3:$H$5000>NOW()))-(Dosage!$B$3:$B$5000*(Dosage!$B$3:$B$5000>=$E35)+$E35*(Dosage!$B$3:$B$5000<$E35)))>0)*((Dosage!$H$3:$H$5000*(Dosage!$H$3:$H$5000<=NOW())+NOW()*(Dosage!$H$3:$H$5000>NOW()))-(Dosage!$B$3:$B$5000*(Dosage!$B$3:$B$5000>=$E35)+$E35*(Dosage!$B$3:$B$5000<$E35)))*Dosage!$F$3:$F$5000)) -> 0 | I35: =IF(OR($A35="",$E35=""),"",MIN($C35,MAX(0,$F35+$G35-$H35))) | J35: =IF(OR($I35="",$C35="",$C35=0),"",$I35/$C35) | K35: =IF(OR($I35="",$D35="",$D35=0),"",$I35/$D35) | L35: =IF($K35="","",TODAY()+$K35) | N35: =IF($J35="","",MIN(1,$J35)) | O35: =IF($J35="","",MAX(0,1-$J35))
A36: =Setup!$A$126 | B36: =IF(Setup!$A$126="","",IFERROR(INDEX(Setup!$B$47:$B$89,MATCH(Setup!$A$126,Setup!$A$47:$A$89,0)),"")) | C36: =IF(Setup!$A$126="","",IFERROR(INDEX(Setup!$C$47:$C$89,MATCH(Setup!$A$126,Setup!$A$47:$A$89,0)),"")) | D36: =IF($A36="","",SUMPRODUCT((Dosage!$A$3:$A$5000=$A36)*(Dosage!$B$3:$B$5000=_xlfn.MAXIFS(Dosage!$B$3:$B$5000,Dosage!$A$3:$A$5000,$A36,Dosage!$B$3:$B$5000,"<="&NOW()))*Dosage!$F$3:$F$5000)) | E36: =IF($A36="","",IF(COUNTIFS(Tank_Adjustments!$B$2:$B$4998,$A36)>0,_xlfn.MAXIFS(Tank_Adjustments!$A$2:$A$4998,Tank_Adjustments!$B$2:$B$4998,$A36),IF(COUNTIFS(Warehouse_Log!$G$2:$G$4999,$A36,Warehouse_Log!$B$2:$B$4999,"OUT")>0,_xlfn.MINIFS(Warehouse_Log!$A$2:$A$4999,Warehouse_Log!$G$2:$G$4999,$A36,Warehouse_Log!$B$2:$B$4999,"OUT"),""))) | F36: =IF(OR($A36="",$E36=""),0,IF(COUNTIFS(Tank_Adjustments!$B$2:$B$4998,$A36)>0,SUMIFS(Tank_Adjustments!$D$2:$D$4998,Tank_Adjustments!$B$2:$B$4998,$A36,Tank_Adjustments!$A$2:$A$4998,$E36),0)) -> 0 | G36: =IF(OR($A36="",$E36=""),0,IF(COUNTIFS(Tank_Adjustments!$B$2:$B$4998,$A36)>0,SUMIFS(Warehouse_Log!$F$2:$F$4999,Warehouse_Log!$G$2:$G$4999,$A36,Warehouse_Log!$B$2:$B$4999,"OUT",Warehouse_Log!$A$2:$A$4999,">"&$E36),SUMIFS(Warehouse_Log!$F$2:$F$4999,Warehouse_Log!$G$2:$G$4999,$A36,Warehouse_Log!$B$2:$B$4999,"OUT",Warehouse_Log!$A$2:$A$4999,">="&$E36))) -> 0 | H36: =IF(OR($A36="",$E36=""),0,SUMPRODUCT((Dosage!$A$3:$A$5000=$A36)*(((Dosage!$H$3:$H$5000*(Dosage!$H$3:$H$5000<=NOW())+NOW()*(Dosage!$H$3:$H$5000>NOW()))-(Dosage!$B$3:$B$5000*(Dosage!$B$3:$B$5000>=$E36)+$E36*(Dosage!$B$3:$B$5000<$E36)))>0)*((Dosage!$H$3:$H$5000*(Dosage!$H$3:$H$5000<=NOW())+NOW()*(Dosage!$H$3:$H$5000>NOW()))-(Dosage!$B$3:$B$5000*(Dosage!$B$3:$B$5000>=$E36)+$E36*(Dosage!$B$3:$B$5000<$E36)))*Dosage!$F$3:$F$5000)) -> 0 | I36: =IF(OR($A36="",$E36=""),"",MIN($C36,MAX(0,$F36+$G36-$H36))) | J36: =IF(OR($I36="",$C36="",$C36=0),"",$I36/$C36) | K36: =IF(OR($I36="",$D36="",$D36=0),"",$I36/$D36) | L36: =IF($K36="","",TODAY()+$K36) | N36: =IF($J36="","",MIN(1,$J36)) | O36: =IF($J36="","",MAX(0,1-$J36))
A37: =Setup!$A$127 | B37: =IF(Setup!$A$127="","",IFERROR(INDEX(Setup!$B$47:$B$89,MATCH(Setup!$A$127,Setup!$A$47:$A$89,0)),"")) | C37: =IF(Setup!$A$127="","",IFERROR(INDEX(Setup!$C$47:$C$89,MATCH(Setup!$A$127,Setup!$A$47:$A$89,0)),"")) | D37: =IF($A37="","",SUMPRODUCT((Dosage!$A$3:$A$5000=$A37)*(Dosage!$B$3:$B$5000=_xlfn.MAXIFS(Dosage!$B$3:$B$5000,Dosage!$A$3:$A$5000,$A37,Dosage!$B$3:$B$5000,"<="&NOW()))*Dosage!$F$3:$F$5000)) | E37: =IF($A37="","",IF(COUNTIFS(Tank_Adjustments!$B$2:$B$4998,$A37)>0,_xlfn.MAXIFS(Tank_Adjustments!$A$2:$A$4998,Tank_Adjustments!$B$2:$B$4998,$A37),IF(COUNTIFS(Warehouse_Log!$G$2:$G$4999,$A37,Warehouse_Log!$B$2:$B$4999,"OUT")>0,_xlfn.MINIFS(Warehouse_Log!$A$2:$A$4999,Warehouse_Log!$G$2:$G$4999,$A37,Warehouse_Log!$B$2:$B$4999,"OUT"),""))) | F37: =IF(OR($A37="",$E37=""),0,IF(COUNTIFS(Tank_Adjustments!$B$2:$B$4998,$A37)>0,SUMIFS(Tank_Adjustments!$D$2:$D$4998,Tank_Adjustments!$B$2:$B$4998,$A37,Tank_Adjustments!$A$2:$A$4998,$E37),0)) -> 0 | G37: =IF(OR($A37="",$E37=""),0,IF(COUNTIFS(Tank_Adjustments!$B$2:$B$4998,$A37)>0,SUMIFS(Warehouse_Log!$F$2:$F$4999,Warehouse_Log!$G$2:$G$4999,$A37,Warehouse_Log!$B$2:$B$4999,"OUT",Warehouse_Log!$A$2:$A$4999,">"&$E37),SUMIFS(Warehouse_Log!$F$2:$F$4999,Warehouse_Log!$G$2:$G$4999,$A37,Warehouse_Log!$B$2:$B$4999,"OUT",Warehouse_Log!$A$2:$A$4999,">="&$E37))) -> 0 | H37: =IF(OR($A37="",$E37=""),0,SUMPRODUCT((Dosage!$A$3:$A$5000=$A37)*(((Dosage!$H$3:$H$5000*(Dosage!$H$3:$H$5000<=NOW())+NOW()*(Dosage!$H$3:$H$5000>NOW()))-(Dosage!$B$3:$B$5000*(Dosage!$B$3:$B$5000>=$E37)+$E37*(Dosage!$B$3:$B$5000<$E37)))>0)*((Dosage!$H$3:$H$5000*(Dosage!$H$3:$H$5000<=NOW())+NOW()*(Dosage!$H$3:$H$5000>NOW()))-(Dosage!$B$3:$B$5000*(Dosage!$B$3:$B$5000>=$E37)+$E37*(Dosage!$B$3:$B$5000<$E37)))*Dosage!$F$3:$F$5000)) -> 0 | I37: =IF(OR($A37="",$E37=""),"",MIN($C37,MAX(0,$F37+$G37-$H37))) | J37: =IF(OR($I37="",$C37="",$C37=0),"",$I37/$C37) | K37: =IF(OR($I37="",$D37="",$D37=0),"",$I37/$D37) | L37: =IF($K37="","",TODAY()+$K37) | N37: =IF($J37="","",MIN(1,$J37)) | O37: =IF($J37="","",MAX(0,1-$J37))
A38: =Setup!$A$128 | B38: =IF(Setup!$A$128="","",IFERROR(INDEX(Setup!$B$47:$B$89,MATCH(Setup!$A$128,Setup!$A$47:$A$89,0)),"")) | C38: =IF(Setup!$A$128="","",IFERROR(INDEX(Setup!$C$47:$C$89,MATCH(Setup!$A$128,Setup!$A$47:$A$89,0)),"")) | D38: =IF($A38="","",SUMPRODUCT((Dosage!$A$3:$A$5000=$A38)*(Dosage!$B$3:$B$5000=_xlfn.MAXIFS(Dosage!$B$3:$B$5000,Dosage!$A$3:$A$5000,$A38,Dosage!$B$3:$B$5000,"<="&NOW()))*Dosage!$F$3:$F$5000)) | E38: =IF($A38="","",IF(COUNTIFS(Tank_Adjustments!$B$2:$B$4998,$A38)>0,_xlfn.MAXIFS(Tank_Adjustments!$A$2:$A$4998,Tank_Adjustments!$B$2:$B$4998,$A38),IF(COUNTIFS(Warehouse_Log!$G$2:$G$4999,$A38,Warehouse_Log!$B$2:$B$4999,"OUT")>0,_xlfn.MINIFS(Warehouse_Log!$A$2:$A$4999,Warehouse_Log!$G$2:$G$4999,$A38,Warehouse_Log!$B$2:$B$4999,"OUT"),""))) | F38: =IF(OR($A38="",$E38=""),0,IF(COUNTIFS(Tank_Adjustments!$B$2:$B$4998,$A38)>0,SUMIFS(Tank_Adjustments!$D$2:$D$4998,Tank_Adjustments!$B$2:$B$4998,$A38,Tank_Adjustments!$A$2:$A$4998,$E38),0)) -> 0 | G38: =IF(OR($A38="",$E38=""),0,IF(COUNTIFS(Tank_Adjustments!$B$2:$B$4998,$A38)>0,SUMIFS(Warehouse_Log!$F$2:$F$4999,Warehouse_Log!$G$2:$G$4999,$A38,Warehouse_Log!$B$2:$B$4999,"OUT",Warehouse_Log!$A$2:$A$4999,">"&$E38),SUMIFS(Warehouse_Log!$F$2:$F$4999,Warehouse_Log!$G$2:$G$4999,$A38,Warehouse_Log!$B$2:$B$4999,"OUT",Warehouse_Log!$A$2:$A$4999,">="&$E38))) -> 0 | H38: =IF(OR($A38="",$E38=""),0,SUMPRODUCT((Dosage!$A$3:$A$5000=$A38)*(((Dosage!$H$3:$H$5000*(Dosage!$H$3:$H$5000<=NOW())+NOW()*(Dosage!$H$3:$H$5000>NOW()))-(Dosage!$B$3:$B$5000*(Dosage!$B$3:$B$5000>=$E38)+$E38*(Dosage!$B$3:$B$5000<$E38)))>0)*((Dosage!$H$3:$H$5000*(Dosage!$H$3:$H$5000<=NOW())+NOW()*(Dosage!$H$3:$H$5000>NOW()))-(Dosage!$B$3:$B$5000*(Dosage!$B$3:$B$5000>=$E38)+$E38*(Dosage!$B$3:$B$5000<$E38)))*Dosage!$F$3:$F$5000)) -> 0 | I38: =IF(OR($A38="",$E38=""),"",MIN($C38,MAX(0,$F38+$G38-$H38))) | J38: =IF(OR($I38="",$C38="",$C38=0),"",$I38/$C38) | K38: =IF(OR($I38="",$D38="",$D38=0),"",$I38/$D38) | L38: =IF($K38="","",TODAY()+$K38) | N38: =IF($J38="","",MIN(1,$J38)) | O38: =IF($J38="","",MAX(0,1-$J38))
A39: =Setup!$A$129 | B39: =IF(Setup!$A$129="","",IFERROR(INDEX(Setup!$B$47:$B$89,MATCH(Setup!$A$129,Setup!$A$47:$A$89,0)),"")) | C39: =IF(Setup!$A$129="","",IFERROR(INDEX(Setup!$C$47:$C$89,MATCH(Setup!$A$129,Setup!$A$47:$A$89,0)),"")) | D39: =IF($A39="","",SUMPRODUCT((Dosage!$A$3:$A$5000=$A39)*(Dosage!$B$3:$B$5000=_xlfn.MAXIFS(Dosage!$B$3:$B$5000,Dosage!$A$3:$A$5000,$A39,Dosage!$B$3:$B$5000,"<="&NOW()))*Dosage!$F$3:$F$5000)) | E39: =IF($A39="","",IF(COUNTIFS(Tank_Adjustments!$B$2:$B$4998,$A39)>0,_xlfn.MAXIFS(Tank_Adjustments!$A$2:$A$4998,Tank_Adjustments!$B$2:$B$4998,$A39),IF(COUNTIFS(Warehouse_Log!$G$2:$G$4999,$A39,Warehouse_Log!$B$2:$B$4999,"OUT")>0,_xlfn.MINIFS(Warehouse_Log!$A$2:$A$4999,Warehouse_Log!$G$2:$G$4999,$A39,Warehouse_Log!$B$2:$B$4999,"OUT"),""))) | F39: =IF(OR($A39="",$E39=""),0,IF(COUNTIFS(Tank_Adjustments!$B$2:$B$4998,$A39)>0,SUMIFS(Tank_Adjustments!$D$2:$D$4998,Tank_Adjustments!$B$2:$B$4998,$A39,Tank_Adjustments!$A$2:$A$4998,$E39),0)) -> 0 | G39: =IF(OR($A39="",$E39=""),0,IF(COUNTIFS(Tank_Adjustments!$B$2:$B$4998,$A39)>0,SUMIFS(Warehouse_Log!$F$2:$F$4999,Warehouse_Log!$G$2:$G$4999,$A39,Warehouse_Log!$B$2:$B$4999,"OUT",Warehouse_Log!$A$2:$A$4999,">"&$E39),SUMIFS(Warehouse_Log!$F$2:$F$4999,Warehouse_Log!$G$2:$G$4999,$A39,Warehouse_Log!$B$2:$B$4999,"OUT",Warehouse_Log!$A$2:$A$4999,">="&$E39))) -> 0 | H39: =IF(OR($A39="",$E39=""),0,SUMPRODUCT((Dosage!$A$3:$A$5000=$A39)*(((Dosage!$H$3:$H$5000*(Dosage!$H$3:$H$5000<=NOW())+NOW()*(Dosage!$H$3:$H$5000>NOW()))-(Dosage!$B$3:$B$5000*(Dosage!$B$3:$B$5000>=$E39)+$E39*(Dosage!$B$3:$B$5000<$E39)))>0)*((Dosage!$H$3:$H$5000*(Dosage!$H$3:$H$5000<=NOW())+NOW()*(Dosage!$H$3:$H$5000>NOW()))-(Dosage!$B$3:$B$5000*(Dosage!$B$3:$B$5000>=$E39)+$E39*(Dosage!$B$3:$B$5000<$E39)))*Dosage!$F$3:$F$5000)) -> 0 | I39: =IF(OR($A39="",$E39=""),"",MIN($C39,MAX(0,$F39+$G39-$H39))) | J39: =IF(OR($I39="",$C39="",$C39=0),"",$I39/$C39) | K39: =IF(OR($I39="",$D39="",$D39=0),"",$I39/$D39) | L39: =IF($K39="","",TODAY()+$K39) | N39: =IF($J39="","",MIN(1,$J39)) | O39: =IF($J39="","",MAX(0,1-$J39))
A40: =Setup!$A$130 | B40: =IF(Setup!$A$130="","",IFERROR(INDEX(Setup!$B$47:$B$89,MATCH(Setup!$A$130,Setup!$A$47:$A$89,0)),"")) | C40: =IF(Setup!$A$130="","",IFERROR(INDEX(Setup!$C$47:$C$89,MATCH(Setup!$A$130,Setup!$A$47:$A$89,0)),"")) | D40: =IF($A40="","",SUMPRODUCT((Dosage!$A$3:$A$5000=$A40)*(Dosage!$B$3:$B$5000=_xlfn.MAXIFS(Dosage!$B$3:$B$5000,Dosage!$A$3:$A$5000,$A40,Dosage!$B$3:$B$5000,"<="&NOW()))*Dosage!$F$3:$F$5000)) | E40: =IF($A40="","",IF(COUNTIFS(Tank_Adjustments!$B$2:$B$4998,$A40)>0,_xlfn.MAXIFS(Tank_Adjustments!$A$2:$A$4998,Tank_Adjustments!$B$2:$B$4998,$A40),IF(COUNTIFS(Warehouse_Log!$G$2:$G$4999,$A40,Warehouse_Log!$B$2:$B$4999,"OUT")>0,_xlfn.MINIFS(Warehouse_Log!$A$2:$A$4999,Warehouse_Log!$G$2:$G$4999,$A40,Warehouse_Log!$B$2:$B$4999,"OUT"),""))) | F40: =IF(OR($A40="",$E40=""),0,IF(COUNTIFS(Tank_Adjustments!$B$2:$B$4998,$A40)>0,SUMIFS(Tank_Adjustments!$D$2:$D$4998,Tank_Adjustments!$B$2:$B$4998,$A40,Tank_Adjustments!$A$2:$A$4998,$E40),0)) -> 0 | G40: =IF(OR($A40="",$E40=""),0,IF(COUNTIFS(Tank_Adjustments!$B$2:$B$4998,$A40)>0,SUMIFS(Warehouse_Log!$F$2:$F$4999,Warehouse_Log!$G$2:$G$4999,$A40,Warehouse_Log!$B$2:$B$4999,"OUT",Warehouse_Log!$A$2:$A$4999,">"&$E40),SUMIFS(Warehouse_Log!$F$2:$F$4999,Warehouse_Log!$G$2:$G$4999,$A40,Warehouse_Log!$B$2:$B$4999,"OUT",Warehouse_Log!$A$2:$A$4999,">="&$E40))) -> 0 | H40: =IF(OR($A40="",$E40=""),0,SUMPRODUCT((Dosage!$A$3:$A$5000=$A40)*(((Dosage!$H$3:$H$5000*(Dosage!$H$3:$H$5000<=NOW())+NOW()*(Dosage!$H$3:$H$5000>NOW()))-(Dosage!$B$3:$B$5000*(Dosage!$B$3:$B$5000>=$E40)+$E40*(Dosage!$B$3:$B$5000<$E40)))>0)*((Dosage!$H$3:$H$5000*(Dosage!$H$3:$H$5000<=NOW())+NOW()*(Dosage!$H$3:$H$5000>NOW()))-(Dosage!$B$3:$B$5000*(Dosage!$B$3:$B$5000>=$E40)+$E40*(Dosage!$B$3:$B$5000<$E40)))*Dosage!$F$3:$F$5000)) -> 0 | I40: =IF(OR($A40="",$E40=""),"",MIN($C40,MAX(0,$F40+$G40-$H40))) | J40: =IF(OR($I40="",$C40="",$C40=0),"",$I40/$C40) | K40: =IF(OR($I40="",$D40="",$D40=0),"",$I40/$D40) | L40: =IF($K40="","",TODAY()+$K40) | N40: =IF($J40="","",MIN(1,$J40)) | O40: =IF($J40="","",MAX(0,1-$J40))
A41: =Setup!$A$131 | B41: =IF(Setup!$A$131="","",IFERROR(INDEX(Setup!$B$47:$B$89,MATCH(Setup!$A$131,Setup!$A$47:$A$89,0)),"")) | C41: =IF(Setup!$A$131="","",IFERROR(INDEX(Setup!$C$47:$C$89,MATCH(Setup!$A$131,Setup!$A$47:$A$89,0)),"")) | D41: =IF($A41="","",SUMPRODUCT((Dosage!$A$3:$A$5000=$A41)*(Dosage!$B$3:$B$5000=_xlfn.MAXIFS(Dosage!$B$3:$B$5000,Dosage!$A$3:$A$5000,$A41,Dosage!$B$3:$B$5000,"<="&NOW()))*Dosage!$F$3:$F$5000)) | E41: =IF($A41="","",IF(COUNTIFS(Tank_Adjustments!$B$2:$B$4998,$A41)>0,_xlfn.MAXIFS(Tank_Adjustments!$A$2:$A$4998,Tank_Adjustments!$B$2:$B$4998,$A41),IF(COUNTIFS(Warehouse_Log!$G$2:$G$4999,$A41,Warehouse_Log!$B$2:$B$4999,"OUT")>0,_xlfn.MINIFS(Warehouse_Log!$A$2:$A$4999,Warehouse_Log!$G$2:$G$4999,$A41,Warehouse_Log!$B$2:$B$4999,"OUT"),""))) | F41: =IF(OR($A41="",$E41=""),0,IF(COUNTIFS(Tank_Adjustments!$B$2:$B$4998,$A41)>0,SUMIFS(Tank_Adjustments!$D$2:$D$4998,Tank_Adjustments!$B$2:$B$4998,$A41,Tank_Adjustments!$A$2:$A$4998,$E41),0)) -> 0 | G41: =IF(OR($A41="",$E41=""),0,IF(COUNTIFS(Tank_Adjustments!$B$2:$B$4998,$A41)>0,SUMIFS(Warehouse_Log!$F$2:$F$4999,Warehouse_Log!$G$2:$G$4999,$A41,Warehouse_Log!$B$2:$B$4999,"OUT",Warehouse_Log!$A$2:$A$4999,">"&$E41),SUMIFS(Warehouse_Log!$F$2:$F$4999,Warehouse_Log!$G$2:$G$4999,$A41,Warehouse_Log!$B$2:$B$4999,"OUT",Warehouse_Log!$A$2:$A$4999,">="&$E41))) -> 0 | H41: =IF(OR($A41="",$E41=""),0,SUMPRODUCT((Dosage!$A$3:$A$5000=$A41)*(((Dosage!$H$3:$H$5000*(Dosage!$H$3:$H$5000<=NOW())+NOW()*(Dosage!$H$3:$H$5000>NOW()))-(Dosage!$B$3:$B$5000*(Dosage!$B$3:$B$5000>=$E41)+$E41*(Dosage!$B$3:$B$5000<$E41)))>0)*((Dosage!$H$3:$H$5000*(Dosage!$H$3:$H$5000<=NOW())+NOW()*(Dosage!$H$3:$H$5000>NOW()))-(Dosage!$B$3:$B$5000*(Dosage!$B$3:$B$5000>=$E41)+$E41*(Dosage!$B$3:$B$5000<$E41)))*Dosage!$F$3:$F$5000)) -> 0 | I41: =IF(OR($A41="",$E41=""),"",MIN($C41,MAX(0,$F41+$G41-$H41))) | J41: =IF(OR($I41="",$C41="",$C41=0),"",$I41/$C41) | K41: =IF(OR($I41="",$D41="",$D41=0),"",$I41/$D41) | L41: =IF($K41="","",TODAY()+$K41) | N41: =IF($J41="","",MIN(1,$J41)) | O41: =IF($J41="","",MAX(0,1-$J41))
